antenna_id,x_m,y_m,freq_hz,phase_meas_rad,gain_err_db,ref_phase_rad
A00,0.000000,0.000000,12000000000.0,0.020000,-0.100000,0.000000
A01,0.012500,0.000000,12000000001.0,0.310000,0.400000,0.050000
A02,0.025000,0.000000,12000000001.5,-0.180000,-1.800000,-0.020000
A03,0.000000,0.012500,11999999999.0,0.520000,0.200000,0.100000
A04,0.012500,0.012500,12000000000.5,-0.050000,1.100000,0.000000
A05,0.025000,0.012500,12000000002.0,0.900000,-0.300000,0.150000
# spare comment — ignored
A06,0.000000,0.025000,11999999998.5,0.140000,0.050000,0.040000
A07,0.012500,0.025000,12000000002.0,-0.420000,2.100000,-0.100000
