query_id,serp_rank,doc_id,clicked
3,1,33,1
3,2,36,1
3,3,37,0
3,4,31,0
3,5,35,0
3,6,39,0
3,7,30,0
3,8,34,0
3,9,38,0
3,10,32,0
15,1,142,1
15,2,144,0
15,3,141,0
15,4,149,0
15,5,143,0
15,6,146,0
15,7,148,1
15,8,145,0
15,9,150,0
15,10,147,0
43,1,410,1
43,2,406,0
43,3,409,0
43,4,405,0
43,5,411,0
43,6,403,0
43,7,404,0
43,8,407,0
43,9,408,0
43,10,412,0
57,1,545,0
57,2,537,0
57,3,540,0
57,4,539,0
57,5,543,0
57,6,541,0
57,7,542,0
57,8,546,0
57,9,538,0
57,10,544,0
80,1,760,1
80,2,758,1
80,3,757,1
80,4,759,0
80,5,753,0
80,6,754,0
80,7,755,0
80,8,752,0
80,9,756,0
80,10,761,0
93,1,874,0
93,2,877,0
93,3,873,0
93,4,879,0
93,5,878,0
93,6,876,0
93,7,875,0
110,1,1031,1
110,2,1036,0
110,3,1028,0
110,4,1032,0
110,5,1034,0
110,6,1037,0
110,7,1030,0
110,8,1033,0
110,9,1029,0
110,10,1035,0
115,1,1080,1
115,2,1079,1
115,3,1083,0
115,4,1076,0
115,5,1081,1
115,6,1082,0
115,7,1078,0
115,8,1077,0
115,9,1084,0
115,10,1075,0
123,1,1161,0
123,2,1153,0
123,3,1154,0
123,4,1158,0
123,5,1159,0
123,6,1152,0
123,7,1156,0
123,8,1155,0
123,9,1157,0
123,10,1160,0
127,1,1198,0
127,2,1195,0
127,3,1193,0
127,4,1197,0
127,5,1196,1
127,6,1192,0
127,7,1194,0
139,1,1300,1
139,2,1307,0
139,3,1302,0
139,4,1306,0
139,5,1305,1
139,6,1303,0
139,7,1309,0
139,8,1301,0
139,9,1304,0
139,10,1308,0
155,1,1446,0
155,2,1451,0
155,3,1454,0
155,4,1449,1
155,5,1450,0
155,6,1447,1
155,7,1445,1
155,8,1448,0
155,9,1453,0
155,10,1452,0
156,1,1455,0
156,2,1461,0
156,3,1456,1
156,4,1460,0
156,5,1457,0
156,6,1458,0
156,7,1459,0
166,1,1545,0
166,2,1548,0
166,3,1547,0
166,4,1544,0
166,5,1543,0
166,6,1546,0
166,7,1549,1
171,1,1590,1
171,2,1593,0
171,3,1585,0
171,4,1592,1
171,5,1588,0
171,6,1587,0
171,7,1591,0
171,8,1586,0
171,9,1584,0
171,10,1589,0
172,1,1600,0
172,2,1599,0
172,3,1595,0
172,4,1596,0
172,5,1597,0
172,6,1598,0
172,7,1594,0
176,1,1637,1
176,2,1638,0
176,3,1636,0
176,4,1633,0
176,5,1631,0
176,6,1640,0
176,7,1634,0
176,8,1639,0
176,9,1632,0
176,10,1635,0
188,1,1755,1
188,2,1757,0
188,3,1752,0
188,4,1754,0
188,5,1751,0
188,6,1756,0
188,7,1753,0
195,1,1819,1
195,2,1814,0
195,3,1817,0
195,4,1821,0
195,5,1815,0
195,6,1813,0
195,7,1818,0
195,8,1820,0
195,9,1812,0
195,10,1816,0
198,1,1848,0
198,2,1842,0
198,3,1847,0
198,4,1845,0
198,5,1843,0
198,6,1844,0
198,7,1846,0
210,1,1962,0
210,2,1965,0
210,3,1960,0
210,4,1963,0
210,5,1959,0
210,6,1964,0
210,7,1961,0
211,1,1971,0
211,2,1966,0
211,3,1970,0
211,4,1972,0
211,5,1967,0
211,6,1968,0
211,7,1969,0
218,1,2033,1
218,2,2036,1
218,3,2038,0
218,4,2035,0
218,5,2037,0
218,6,2039,0
218,7,2034,0
223,1,2076,0
223,2,2077,0
223,3,2074,1
223,4,2075,0
223,5,2073,1
223,6,2079,0
223,7,2078,0
223,8,2072,0
223,9,2080,0
223,10,2071,0
232,1,2158,0
232,2,2162,0
232,3,2163,0
232,4,2159,0
232,5,2161,0
232,6,2164,0
232,7,2160,0
251,1,2342,0
251,2,2341,1
251,3,2340,0
251,4,2339,0
251,5,2336,0
251,6,2333,0
251,7,2338,0
251,8,2334,0
251,9,2335,0
251,10,2337,0
252,1,2343,1
252,2,2350,0
252,3,2352,0
252,4,2348,0
252,5,2347,0
252,6,2346,0
252,7,2344,0
252,8,2345,0
252,9,2349,0
252,10,2351,0
257,1,2392,1
257,2,2396,0
257,3,2398,1
257,4,2391,0
257,5,2390,0
257,6,2393,0
257,7,2399,0
257,8,2394,0
257,9,2397,0
257,10,2395,0
276,1,2572,1
276,2,2569,0
276,3,2573,0
276,4,2571,1
276,5,2574,0
276,6,2568,0
276,7,2570,0
279,1,2593,1
279,2,2601,0
279,3,2597,0
279,4,2595,0
279,5,2594,0
279,6,2598,0
279,7,2596,0
279,8,2599,0
279,9,2600,0
279,10,2592,0
286,1,2656,1
286,2,2653,0
286,3,2655,0
286,4,2657,0
286,5,2659,0
286,6,2658,0
286,7,2654,0
292,1,2716,0
292,2,2712,0
292,3,2710,0
292,4,2708,0
292,5,2711,0
292,6,2707,0
292,7,2713,0
292,8,2715,0
292,9,2714,0
292,10,2709,0
294,1,2731,1
294,2,2734,0
294,3,2733,0
294,4,2728,1
294,5,2732,0
294,6,2729,0
294,7,2735,0
294,8,2727,0
294,9,2736,0
294,10,2730,0
312,1,2895,0
312,2,2900,0
312,3,2896,0
312,4,2901,0
312,5,2897,0
312,6,2898,0
312,7,2899,0
318,1,2948,0
318,2,2954,0
318,3,2951,1
318,4,2955,0
318,5,2953,0
318,6,2949,0
318,7,2946,0
318,8,2947,0
318,9,2950,0
318,10,2952,0
329,1,3046,1
329,2,3039,1
329,3,3045,0
329,4,3044,0
329,5,3041,0
329,6,3042,0
329,7,3047,0
329,8,3043,0
329,9,3040,0
329,10,3038,0
338,1,3130,1
338,2,3128,0
338,3,3133,0
338,4,3127,0
338,5,3125,0
338,6,3129,0
338,7,3134,0
338,8,3126,0
338,9,3132,0
338,10,3131,0
362,1,3345,0
362,2,3347,0
362,3,3344,0
362,4,3346,0
362,5,3348,0
362,6,3350,0
362,7,3349,0
395,1,3660,0
395,2,3656,0
395,3,3665,0
395,4,3659,0
395,5,3661,0
395,6,3662,0
395,7,3663,0
395,8,3657,0
395,9,3658,0
395,10,3664,1
403,1,3736,0
403,2,3733,0
403,3,3734,0
403,4,3730,0
403,5,3731,0
403,6,3732,0
403,7,3735,0
415,1,3841,0
415,2,3844,0
415,3,3846,0
415,4,3842,0
415,5,3845,0
415,6,3838,0
415,7,3839,0
415,8,3847,0
415,9,3840,0
415,10,3843,0
424,1,3926,0
424,2,3922,1
424,3,3924,1
424,4,3928,0
424,5,3929,0
424,6,3927,0
424,7,3931,0
424,8,3923,1
424,9,3930,0
424,10,3925,0
425,1,3940,1
425,2,3935,1
425,3,3938,0
425,4,3939,0
425,5,3934,0
425,6,3936,1
425,7,3933,0
425,8,3937,0
425,9,3932,0
425,10,3941,0
429,1,3975,1
429,2,3970,0
429,3,3971,0
429,4,3973,0
429,5,3972,0
429,6,3978,0
429,7,3976,0
429,8,3974,0
429,9,3969,0
429,10,3977,0
436,1,4042,1
436,2,4041,0
436,3,4047,0
436,4,4045,0
436,5,4044,0
436,6,4048,0
436,7,4043,0
436,8,4040,0
436,9,4039,1
436,10,4046,0
437,1,4056,0
437,2,4052,0
437,3,4058,0
437,4,4055,0
437,5,4053,0
437,6,4049,0
437,7,4054,0
437,8,4057,0
437,9,4050,0
437,10,4051,0
447,1,4146,0
447,2,4143,0
447,3,4152,0
447,4,4151,0
447,5,4145,1
447,6,4144,0
447,7,4147,0
447,8,4150,0
447,9,4149,0
447,10,4148,0
483,1,4490,1
483,2,4487,0
483,3,4486,0
483,4,4491,0
483,5,4489,0
483,6,4493,0
483,7,4488,0
483,8,4485,0
483,9,4492,0
483,10,4494,0
490,1,4559,0
490,2,4556,0
490,3,4553,0
490,4,4552,0
490,5,4555,0
490,6,4560,1
490,7,4561,0
490,8,4554,0
490,9,4558,0
490,10,4557,0
522,1,4863,0
522,2,4859,1
522,3,4856,0
522,4,4857,0
522,5,4854,1
522,6,4855,0
522,7,4858,0
522,8,4861,0
522,9,4860,0
522,10,4862,0
529,1,4923,1
529,2,4924,0
529,3,4918,0
529,4,4922,0
529,5,4921,0
529,6,4919,0
529,7,4920,0
542,1,5038,1
542,2,5042,1
542,3,5039,0
542,4,5044,0
542,5,5043,0
542,6,5037,0
542,7,5036,0
542,8,5045,0
542,9,5041,0
542,10,5040,0
546,1,5081,0
546,2,5079,0
546,3,5074,1
546,4,5076,0
546,5,5082,0
546,6,5078,0
546,7,5073,0
546,8,5080,0
546,9,5075,0
546,10,5077,0
547,1,5091,1
547,2,5084,0
547,3,5088,0
547,4,5090,0
547,5,5083,0
547,6,5089,1
547,7,5092,0
547,8,5087,0
547,9,5086,0
547,10,5085,0
557,1,5177,0
557,2,5179,0
557,3,5182,0
557,4,5178,0
557,5,5183,0
557,6,5181,0
557,7,5180,0
562,1,5221,1
562,2,5219,1
562,3,5227,1
562,4,5224,0
562,5,5218,0
562,6,5226,0
562,7,5220,0
562,8,5222,0
562,9,5225,0
562,10,5223,0
567,1,5265,1
567,2,5270,0
567,3,5266,0
567,4,5268,0
567,5,5271,0
567,6,5269,0
567,7,5267,0
567,8,5262,0
567,9,5264,0
567,10,5263,0
615,1,5717,0
615,2,5716,0
615,3,5712,0
615,4,5713,0
615,5,5715,0
615,6,5718,0
615,7,5714,0
635,1,5893,1
635,2,5889,0
635,3,5890,0
635,4,5892,0
635,5,5888,0
635,6,5891,0
635,7,5894,0
645,1,5977,0
645,2,5979,0
645,3,5981,0
645,4,5982,0
645,5,5976,0
645,6,5980,0
645,7,5978,0
665,1,6165,0
665,2,6158,1
665,3,6159,0
665,4,6160,0
665,5,6164,0
665,6,6162,0
665,7,6163,1
665,8,6161,0
665,9,6166,0
665,10,6167,0
667,1,6178,1
667,2,6182,0
667,3,6183,0
667,4,6187,0
667,5,6179,0
667,6,6180,0
667,7,6181,1
667,8,6184,0
667,9,6186,0
667,10,6185,0
691,1,6409,0
691,2,6406,0
691,3,6411,0
691,4,6412,0
691,5,6410,0
691,6,6407,0
691,7,6408,0
701,1,6509,1
701,2,6508,0
701,3,6502,1
701,4,6503,0
701,5,6501,0
701,6,6506,0
701,7,6507,0
701,8,6500,0
701,9,6504,0
701,10,6505,0
709,1,6585,0
709,2,6578,0
709,3,6582,0
709,4,6583,0
709,5,6577,0
709,6,6579,0
709,7,6586,0
709,8,6581,0
709,9,6584,0
709,10,6580,0
714,1,6627,0
714,2,6636,0
714,3,6630,0
714,4,6629,0
714,5,6633,0
714,6,6628,0
714,7,6635,0
714,8,6631,0
714,9,6632,1
714,10,6634,0
715,1,6645,0
715,2,6641,0
715,3,6644,1
715,4,6642,0
715,5,6639,0
715,6,6640,0
715,7,6643,0
715,8,6646,0
715,9,6638,0
715,10,6637,0
717,1,6658,1
717,2,6659,0
717,3,6664,0
717,4,6661,0
717,5,6663,0
717,6,6657,0
717,7,6662,0
717,8,6666,0
717,9,6665,0
717,10,6660,0
718,1,6667,1
718,2,6676,0
718,3,6673,0
718,4,6674,0
718,5,6675,0
718,6,6670,0
718,7,6669,0
718,8,6671,0
718,9,6668,0
718,10,6672,0
722,1,6714,0
722,2,6712,0
722,3,6715,0
722,4,6708,0
722,5,6711,0
722,6,6716,0
722,7,6713,0
722,8,6710,0
722,9,6707,0
722,10,6709,0
739,1,6871,1
739,2,6876,0
739,3,6868,0
739,4,6874,0
739,5,6873,0
739,6,6870,0
739,7,6877,0
739,8,6869,0
739,9,6875,0
739,10,6872,0
741,1,6893,1
741,2,6892,0
741,3,6889,1
741,4,6890,0
741,5,6894,0
741,6,6885,1
741,7,6887,1
741,8,6888,0
741,9,6891,0
741,10,6886,0
744,1,6923,1
744,2,6916,1
744,3,6920,0
744,4,6919,0
744,5,6915,0
744,6,6917,0
744,7,6921,0
744,8,6924,0
744,9,6918,0
744,10,6922,0
750,1,6976,0
750,2,6977,0
750,3,6970,0
750,4,6972,0
750,5,6975,0
750,6,6978,0
750,7,6974,0
750,8,6971,0
750,9,6973,0
750,10,6969,0
765,1,7102,0
765,2,7103,0
765,3,7100,0
765,4,7104,0
765,5,7099,0
765,6,7101,0
765,7,7098,0
779,1,7224,1
779,2,7221,0
779,3,7225,0
779,4,7217,1
779,5,7220,0
779,6,7222,0
779,7,7223,0
779,8,7218,0
779,9,7219,0
779,10,7226,0
780,1,7233,0
780,2,7236,0
780,3,7230,0
780,4,7229,0
780,5,7235,0
780,6,7231,0
780,7,7227,0
780,8,7228,0
780,9,7232,1
780,10,7234,0
787,1,7300,0
787,2,7304,0
787,3,7306,0
787,4,7297,0
787,5,7302,0
787,6,7298,0
787,7,7299,0
787,8,7305,1
787,9,7301,0
787,10,7303,0
822,1,7626,0
822,2,7629,0
822,3,7623,0
822,4,7628,0
822,5,7627,0
822,6,7624,0
822,7,7625,0
846,1,7845,0
846,2,7844,0
846,3,7850,0
846,4,7851,1
846,5,7846,1
846,6,7849,0
846,7,7848,0
846,8,7847,0
846,9,7842,0
846,10,7843,0
850,1,7884,0
850,2,7889,0
850,3,7886,0
850,4,7891,0
850,5,7883,0
850,6,7888,0
850,7,7890,0
850,8,7885,0
850,9,7882,0
850,10,7887,0
854,1,7923,0
854,2,7921,0
854,3,7918,0
854,4,7917,0
854,5,7924,0
854,6,7920,0
854,7,7925,0
854,8,7922,0
854,9,7919,0
854,10,7916,1
856,1,7942,1
856,2,7941,0
856,3,7933,0
856,4,7935,0
856,5,7934,0
856,6,7939,0
856,7,7936,0
856,8,7938,0
856,9,7937,0
856,10,7940,0
882,1,8167,0
882,2,8170,0
882,3,8173,0
882,4,8171,0
882,5,8168,0
882,6,8166,0
882,7,8175,0
882,8,8172,0
882,9,8169,0
882,10,8174,0
885,1,8200,1
885,2,8202,0
885,3,8198,0
885,4,8205,0
885,5,8204,1
885,6,8199,0
885,7,8201,0
885,8,8196,0
885,9,8197,0
885,10,8203,0
892,1,8266,0
892,2,8263,0
892,3,8270,0
892,4,8269,0
892,5,8264,0
892,6,8265,1
892,7,8271,0
892,8,8268,0
892,9,8267,0
892,10,8272,0
903,1,8374,0
903,2,8372,0
903,3,8376,0
903,4,8373,0
903,5,8370,0
903,6,8375,0
903,7,8371,0
907,1,8414,1
907,2,8413,1
907,3,8416,0
907,4,8408,0
907,5,8407,0
907,6,8409,0
907,7,8410,0
907,8,8412,0
907,9,8415,0
907,10,8411,0
927,1,8598,0
927,2,8603,0
927,3,8607,0
927,4,8600,1
927,5,8606,0
927,6,8605,0
927,7,8602,0
927,8,8601,0
927,9,8604,0
927,10,8599,0
930,1,8626,0
930,2,8634,1
930,3,8627,0
930,4,8625,0
930,5,8631,0
930,6,8628,0
930,7,8629,1
930,8,8632,0
930,9,8633,0
930,10,8630,0
940,1,8723,1
940,2,8725,1
940,3,8717,0
940,4,8720,0
940,5,8719,0
940,6,8718,0
940,7,8724,0
940,8,8722,0
940,9,8716,0
940,10,8721,0
944,1,8756,1
944,2,8761,1
944,3,8758,1
944,4,8762,1
944,5,8760,0
944,6,8754,0
944,7,8759,0
944,8,8755,0
944,9,8753,0
944,10,8757,0
947,1,8790,1
947,2,8785,0
947,3,8787,0
947,4,8792,0
947,5,8791,0
947,6,8783,0
947,7,8784,0
947,8,8786,0
947,9,8789,0
947,10,8788,0
950,1,8816,1
950,2,8822,0
950,3,8813,1
950,4,8818,0
950,5,8814,0
950,6,8817,0
950,7,8821,0
950,8,8815,0
950,9,8820,0
950,10,8819,0
970,1,9014,0
970,2,9012,0
970,3,9011,0
970,4,9016,0
970,5,9008,0
970,6,9015,0
970,7,9013,0
970,8,9010,0
970,9,9007,1
970,10,9009,0
975,1,9051,1
975,2,9057,0
975,3,9053,0
975,4,9059,0
975,5,9058,0
975,6,9055,0
975,7,9060,0
975,8,9052,0
975,9,9056,0
975,10,9054,0
979,1,9094,1
979,2,9092,0
979,3,9100,0
979,4,9097,0
979,5,9099,0
979,6,9096,0
979,7,9095,0
979,8,9093,0
979,9,9091,0
979,10,9098,0
980,1,9106,0
980,2,9102,0
980,3,9110,0
980,4,9107,0
980,5,9108,0
980,6,9109,0
980,7,9105,0
980,8,9101,0
980,9,9103,0
980,10,9104,0
985,1,9155,0
985,2,9152,1
985,3,9150,0
985,4,9157,0
985,5,9148,0
985,6,9156,0
985,7,9153,0
985,8,9151,0
985,9,9149,0
985,10,9154,0
993,1,9233,0
993,2,9237,0
993,3,9234,0
993,4,9228,0
993,5,9235,0
993,6,9229,0
993,7,9236,0
993,8,9232,0
993,9,9230,0
993,10,9231,0
1003,1,9327,1
1003,2,9328,0
1003,3,9325,1
1003,4,9324,0
1003,5,9323,0
1003,6,9321,0
1003,7,9319,0
1003,8,9320,0
1003,9,9322,0
1003,10,9326,0
1007,1,9365,0
1007,2,9360,0
1007,3,9363,0
1007,4,9359,1
1007,5,9368,0
1007,6,9361,0
1007,7,9367,0
1007,8,9366,0
1007,9,9364,0
1007,10,9362,0
1017,1,9449,0
1017,2,9447,0
1017,3,9448,0
1017,4,9451,0
1017,5,9453,0
1017,6,9450,0
1017,7,9452,0
1019,1,9469,0
1019,2,9466,0
1019,3,9465,0
1019,4,9464,0
1019,5,9467,0
1019,6,9470,0
1019,7,9468,0
1023,1,9496,0
1023,2,9500,0
1023,3,9498,0
1023,4,9499,0
1023,5,9501,0
1023,6,9495,0
1023,7,9497,0
1025,1,9513,1
1025,2,9518,0
1025,3,9520,0
1025,4,9517,0
1025,5,9519,0
1025,6,9521,0
1025,7,9516,0
1025,8,9515,0
1025,9,9512,0
1025,10,9514,0
1045,1,9689,0
1045,2,9692,0
1045,3,9694,0
1045,4,9695,0
1045,5,9688,0
1045,6,9693,0
1045,7,9690,0
1045,8,9697,0
1045,9,9696,0
1045,10,9691,1
1055,1,9782,0
1055,2,9777,0
1055,3,9779,0
1055,4,9778,0
1055,5,9783,0
1055,6,9785,0
1055,7,9784,0
1055,8,9776,0
1055,9,9781,0
1055,10,9780,0
1074,1,9968,0
1074,2,9969,0
1074,3,9963,0
1074,4,9966,0
1074,5,9964,0
1074,6,9965,0
1074,7,9967,0
1077,1,9994,1
1077,2,9988,0
1077,3,9987,0
1077,4,9992,0
1077,5,9989,1
1077,6,9993,0
1077,7,9991,0
1077,8,9996,0
1077,9,9995,0
1077,10,9990,0
1085,1,10064,0
1085,2,10062,1
1085,3,10065,0
1085,4,10063,0
1085,5,10069,0
1085,6,10068,0
1085,7,10070,0
1085,8,10066,0
1085,9,10061,0
1085,10,10067,0
1086,1,10078,1
1086,2,10073,0
1086,3,10079,1
1086,4,10074,0
1086,5,10076,0
1086,6,10075,0
1086,7,10072,0
1086,8,10080,0
1086,9,10077,0
1086,10,10071,0
1088,1,10097,0
1088,2,10095,0
1088,3,10091,0
1088,4,10094,0
1088,5,10096,0
1088,6,10092,0
1088,7,10093,0
1102,1,10218,0
1102,2,10220,0
1102,3,10217,0
1102,4,10222,0
1102,5,10221,0
1102,6,10219,0
1102,7,10216,0
1122,1,10405,0
1122,2,10404,0
1122,3,10401,0
1122,4,10403,0
1122,5,10402,0
1122,6,10406,0
1122,7,10407,0
1131,1,10493,0
1131,2,10492,0
1131,3,10487,0
1131,4,10485,0
1131,5,10494,0
1131,6,10489,0
1131,7,10491,0
1131,8,10488,0
1131,9,10490,0
1131,10,10486,0
1133,1,10505,1
1133,2,10506,0
1133,3,10512,0
1133,4,10514,0
1133,5,10507,0
1133,6,10509,0
1133,7,10511,0
1133,8,10508,0
1133,9,10513,0
1133,10,10510,0
1140,1,10572,1
1140,2,10579,0
1140,3,10573,0
1140,4,10575,0
1140,5,10576,0
1140,6,10574,0
1140,7,10578,0
1140,8,10580,0
1140,9,10581,0
1140,10,10577,0
1158,1,10742,0
1158,2,10740,0
1158,3,10744,0
1158,4,10743,0
1158,5,10746,0
1158,6,10741,0
1158,7,10745,0
1165,1,10807,1
1165,2,10812,0
1165,3,10808,0
1165,4,10816,0
1165,5,10814,0
1165,6,10809,0
1165,7,10813,0
1165,8,10815,0
1165,9,10810,0
1165,10,10811,0
1179,1,10939,0
1179,2,10944,0
1179,3,10943,0
1179,4,10940,0
1179,5,10938,0
1179,6,10941,0
1179,7,10942,0
1188,1,11026,1
1188,2,11028,0
1188,3,11020,0
1188,4,11024,0
1188,5,11027,0
1188,6,11023,0
1188,7,11021,0
1188,8,11022,0
1188,9,11019,0
1188,10,11025,0
1196,1,11094,0
1196,2,11093,0
1196,3,11099,0
1196,4,11095,0
1196,5,11097,0
1196,6,11096,0
1196,7,11098,0
1199,1,11123,1
1199,2,11121,0
1199,3,11126,0
1199,4,11128,0
1199,5,11120,0
1199,6,11127,0
1199,7,11124,0
1199,8,11129,0
1199,9,11125,0
1199,10,11122,0
1214,1,11265,0
1214,2,11263,0
1214,3,11264,0
1214,4,11258,0
1214,5,11262,1
1214,6,11260,0
1214,7,11266,1
1214,8,11259,0
1214,9,11267,0
1214,10,11261,0
1224,1,11353,1
1224,2,11354,0
1224,3,11361,0
1224,4,11352,0
1224,5,11358,0
1224,6,11357,0
1224,7,11360,0
1224,8,11359,0
1224,9,11355,0
1224,10,11356,0
1234,1,11449,0
1234,2,11453,1
1234,3,11457,0
1234,4,11452,0
1234,5,11456,0
1234,6,11458,0
1234,7,11455,0
1234,8,11450,0
1234,9,11451,0
1234,10,11454,0
1241,1,11522,1
1241,2,11523,0
1241,3,11524,0
1241,4,11521,0
1241,5,11519,0
1241,6,11520,0
1241,7,11517,0
1241,8,11525,0
1241,9,11518,0
1241,10,11516,0
1244,1,11548,0
1244,2,11549,0
1244,3,11551,0
1244,4,11552,1
1244,5,11547,0
1244,6,11546,0
1244,7,11550,0
1245,1,11560,0
1245,2,11554,0
1245,3,11558,0
1245,4,11561,0
1245,5,11553,0
1245,6,11557,0
1245,7,11555,0
1245,8,11559,0
1245,9,11562,0
1245,10,11556,0
1248,1,11589,1
1248,2,11584,1
1248,3,11583,0
1248,4,11585,0
1248,5,11590,0
1248,6,11588,0
1248,7,11591,0
1248,8,11586,0
1248,9,11587,0
1248,10,11592,0
1262,1,11704,1
1262,2,11708,0
1262,3,11711,0
1262,4,11702,0
1262,5,11703,0
1262,6,11707,0
1262,7,11706,0
1262,8,11709,0
1262,9,11710,0
1262,10,11705,0
1263,1,11713,0
1263,2,11721,0
1263,3,11715,0
1263,4,11712,0
1263,5,11717,0
1263,6,11719,0
1263,7,11714,0
1263,8,11720,0
1263,9,11718,0
1263,10,11716,1
1289,1,11957,1
1289,2,11961,1
1289,3,11959,0
1289,4,11960,1
1289,5,11958,0
1289,6,11966,0
1289,7,11965,0
1289,8,11962,0
1289,9,11963,0
1289,10,11964,0
1294,1,11999,1
1294,2,12007,0
1294,3,12002,0
1294,4,11998,0
1294,5,12006,0
1294,6,12004,0
1294,7,12005,0
1294,8,12001,0
1294,9,12003,0
1294,10,12000,0
1300,1,12059,1
1300,2,12060,0
1300,3,12052,0
1300,4,12061,0
1300,5,12053,0
1300,6,12057,0
1300,7,12056,0
1300,8,12055,0
1300,9,12058,0
1300,10,12054,0
1325,1,12273,1
1325,2,12271,0
1325,3,12270,0
1325,4,12277,0
1325,5,12274,0
1325,6,12269,0
1325,7,12278,0
1325,8,12276,0
1325,9,12275,0
1325,10,12272,0
1342,1,12437,0
1342,2,12435,0
1342,3,12438,0
1342,4,12436,0
1342,5,12434,0
1342,6,12430,0
1342,7,12433,0
1342,8,12432,0
1342,9,12431,0
1342,10,12439,0
1348,1,12488,1
1348,2,12489,0
1348,3,12482,1
1348,4,12486,0
1348,5,12485,1
1348,6,12490,0
1348,7,12481,0
1348,8,12483,0
1348,9,12487,0
1348,10,12484,0
1353,1,12535,0
1353,2,12539,0
1353,3,12536,0
1353,4,12533,1
1353,5,12532,0
1353,6,12531,0
1353,7,12537,0
1353,8,12540,0
1353,9,12534,0
1353,10,12538,0
1372,1,12714,0
1372,2,12715,0
1372,3,12710,0
1372,4,12712,0
1372,5,12713,0
1372,6,12709,0
1372,7,12711,0
1398,1,12948,1
1398,2,12945,0
1398,3,12951,0
1398,4,12954,0
1398,5,12947,0
1398,6,12946,0
1398,7,12950,0
1398,8,12949,0
1398,9,12952,0
1398,10,12953,0
1400,1,12965,0
1400,2,12968,0
1400,3,12969,0
1400,4,12966,0
1400,5,12970,0
1400,6,12971,0
1400,7,12967,0
1404,1,13003,1
1404,2,13004,0
1404,3,13005,0
1404,4,13007,0
1404,5,13009,1
1404,6,13010,0
1404,7,13006,0
1404,8,13002,0
1404,9,13008,0
1404,10,13011,0
1419,1,13150,0
1419,2,13149,0
1419,3,13144,0
1419,4,13151,0
1419,5,13146,0
1419,6,13148,0
1419,7,13143,0
1419,8,13147,0
1419,9,13152,0
1419,10,13145,0
1421,1,13160,1
1421,2,13165,0
1421,3,13164,0
1421,4,13166,0
1421,5,13169,0
1421,6,13161,0
1421,7,13167,0
1421,8,13162,0
1421,9,13168,0
1421,10,13163,0
1427,1,13220,0
1427,2,13217,0
1427,3,13223,0
1427,4,13221,0
1427,5,13218,0
1427,6,13219,0
1427,7,13222,0
1448,1,13406,1
1448,2,13404,1
1448,3,13398,0
1448,4,13401,0
1448,5,13400,0
1448,6,13405,0
1448,7,13403,0
1448,8,13402,0
1448,9,13397,0
1448,10,13399,0
1450,1,13426,0
1450,2,13418,0
1450,3,13423,1
1450,4,13422,0
1450,5,13425,0
1450,6,13419,1
1450,7,13424,0
1450,8,13420,0
1450,9,13417,0
1450,10,13421,1
1451,1,13430,1
1451,2,13427,0
1451,3,13435,0
1451,4,13433,0
1451,5,13432,0
1451,6,13431,1
1451,7,13436,0
1451,8,13429,0
1451,9,13434,0
1451,10,13428,0
1455,1,13469,1
1455,2,13470,0
1455,3,13462,0
1455,4,13467,0
1455,5,13468,0
1455,6,13466,0
1455,7,13465,0
1455,8,13463,0
1455,9,13464,0
1455,10,13461,0
1456,1,13474,1
1456,2,13472,0
1456,3,13478,0
1456,4,13477,0
1456,5,13476,1
1456,6,13479,0
1456,7,13473,0
1456,8,13475,0
1456,9,13480,0
1456,10,13471,0
1459,1,13508,0
1459,2,13510,1
1459,3,13505,0
1459,4,13507,0
1459,5,13509,0
1459,6,13506,0
1459,7,13502,0
1459,8,13501,0
1459,9,13504,0
1459,10,13503,0
1463,1,13542,0
1463,2,13547,0
1463,3,13545,0
1463,4,13544,0
1463,5,13546,0
1463,6,13541,0
1463,7,13543,0
1476,1,13656,0
1476,2,13654,0
1476,3,13653,0
1476,4,13661,0
1476,5,13662,0
1476,6,13655,0
1476,7,13660,0
1476,8,13659,0
1476,9,13658,0
1476,10,13657,0
1481,1,13701,0
1481,2,13700,1
1481,3,13702,0
1481,4,13698,0
1481,5,13704,1
1481,6,13697,0
1481,7,13703,0
1481,8,13706,0
1481,9,13705,0
1481,10,13699,0
1484,1,13731,0
1484,2,13729,0
1484,3,13726,0
1484,4,13725,0
1484,5,13724,0
1484,6,13727,0
1484,7,13730,1
1484,8,13733,0
1484,9,13728,0
1484,10,13732,0
1516,1,14015,0
1516,2,14014,1
1516,3,14018,0
1516,4,14017,0
1516,5,14020,0
1516,6,14013,0
1516,7,14019,0
1516,8,14016,0
1516,9,14012,0
1516,10,14011,0
1519,1,14045,0
1519,2,14038,1
1519,3,14042,1
1519,4,14043,0
1519,5,14039,0
1519,6,14040,0
1519,7,14041,0
1519,8,14044,0
1519,9,14046,0
1519,10,14047,0
1532,1,14168,0
1532,2,14171,1
1532,3,14166,0
1532,4,14167,1
1532,5,14169,0
1532,6,14170,0
1532,7,14165,0
1537,1,14209,0
1537,2,14216,1
1537,3,14210,0
1537,4,14214,0
1537,5,14215,0
1537,6,14211,0
1537,7,14212,0
1537,8,14217,0
1537,9,14213,0
1537,10,14218,0
1539,1,14236,0
1539,2,14237,0
1539,3,14231,0
1539,4,14235,0
1539,5,14234,0
1539,6,14232,0
1539,7,14238,0
1539,8,14229,0
1539,9,14230,0
1539,10,14233,0
1542,1,14261,0
1542,2,14259,0
1542,3,14257,0
1542,4,14258,0
1542,5,14262,0
1542,6,14260,0
1542,7,14256,0
1576,1,14581,0
1576,2,14578,0
1576,3,14576,0
1576,4,14579,0
1576,5,14580,0
1576,6,14575,0
1576,7,14577,0
1578,1,14594,0
1578,2,14596,0
1578,3,14590,0
1578,4,14592,0
1578,5,14598,0
1578,6,14589,1
1578,7,14595,0
1578,8,14591,0
1578,9,14593,0
1578,10,14597,0
1579,1,14600,1
1579,2,14607,0
1579,3,14602,0
1579,4,14603,0
1579,5,14608,0
1579,6,14605,0
1579,7,14601,0
1579,8,14604,0
1579,9,14599,1
1579,10,14606,0
1598,1,14766,1
1598,2,14771,1
1598,3,14770,0
1598,4,14765,0
1598,5,14764,0
1598,6,14762,0
1598,7,14763,0
1598,8,14767,0
1598,9,14769,0
1598,10,14768,0
1607,1,14852,1
1607,2,14850,0
1607,3,14851,0
1607,4,14848,0
1607,5,14847,0
1607,6,14849,0
1607,7,14846,0
1608,1,14857,0
1608,2,14856,0
1608,3,14858,0
1608,4,14859,0
1608,5,14853,0
1608,6,14854,0
1608,7,14855,0
1618,1,14945,1
1618,2,14941,0
1618,3,14939,1
1618,4,14940,0
1618,5,14943,0
1618,6,14938,0
1618,7,14942,0
1618,8,14944,0
1618,9,14946,0
1618,10,14947,0
1628,1,15034,0
1628,2,15037,1
1628,3,15040,0
1628,4,15036,0
1628,5,15035,0
1628,6,15041,0
1628,7,15038,0
1628,8,15039,0
1628,9,15033,0
1628,10,15032,0
1664,1,15362,0
1664,2,15364,0
1664,3,15365,0
1664,4,15363,0
1664,5,15367,0
1664,6,15368,1
1664,7,15366,0
1668,1,15403,1
1668,2,15399,0
1668,3,15400,0
1668,4,15404,1
1668,5,15401,0
1668,6,15402,0
1668,7,15405,0
1675,1,15475,0
1675,2,15474,0
1675,3,15466,0
1675,4,15467,0
1675,5,15470,0
1675,6,15472,0
1675,7,15471,0
1675,8,15473,0
1675,9,15468,0
1675,10,15469,0
1676,1,15484,1
1676,2,15485,0
1676,3,15483,0
1676,4,15479,0
1676,5,15481,1
1676,6,15480,0
1676,7,15482,0
1676,8,15476,0
1676,9,15477,0
1676,10,15478,0
1681,1,15530,0
1681,2,15524,0
1681,3,15523,0
1681,4,15527,0
1681,5,15529,0
1681,6,15531,0
1681,7,15532,0
1681,8,15525,0
1681,9,15528,0
1681,10,15526,0
1709,1,15794,1
1709,2,15795,1
1709,3,15791,0
1709,4,15796,0
1709,5,15797,0
1709,6,15792,0
1709,7,15793,0
1709,8,15800,0
1709,9,15799,0
1709,10,15798,0
1746,1,16141,1
1746,2,16144,1
1746,3,16142,0
1746,4,16145,0
1746,5,16146,0
1746,6,16138,0
1746,7,16143,0
1746,8,16140,0
1746,9,16137,0
1746,10,16139,0
1771,1,16372,1
1771,2,16380,0
1771,3,16376,0
1771,4,16379,0
1771,5,16375,0
1771,6,16378,0
1771,7,16374,0
1771,8,16373,0
1771,9,16377,0
1771,10,16381,0
1773,1,16393,1
1773,2,16399,0
1773,3,16396,0
1773,4,16395,0
1773,5,16401,0
1773,6,16400,0
1773,7,16398,0
1773,8,16394,0
1773,9,16397,0
1773,10,16392,0
1776,1,16421,0
1776,2,16419,1
1776,3,16423,0
1776,4,16425,0
1776,5,16426,0
1776,6,16424,0
1776,7,16428,0
1776,8,16422,0
1776,9,16427,0
1776,10,16420,0
1789,1,16552,0
1789,2,16551,0
1789,3,16548,1
1789,4,16546,0
1789,5,16545,0
1789,6,16547,0
1789,7,16543,0
1789,8,16544,0
1789,9,16549,0
1789,10,16550,0
1799,1,16643,0
1799,2,16635,0
1799,3,16640,0
1799,4,16639,0
1799,5,16641,0
1799,6,16638,0
1799,7,16636,1
1799,8,16634,0
1799,9,16642,0
1799,10,16637,0
1801,1,16659,0
1801,2,16654,0
1801,3,16657,0
1801,4,16660,0
1801,5,16658,0
1801,6,16655,0
1801,7,16656,0
1805,1,16693,0
1805,2,16692,0
1805,3,16697,0
1805,4,16694,0
1805,5,16699,0
1805,6,16695,0
1805,7,16696,0
1805,8,16698,0
1805,9,16691,0
1805,10,16700,0
1813,1,16768,0
1813,2,16769,0
1813,3,16763,0
1813,4,16765,0
1813,5,16766,0
1813,6,16767,0
1813,7,16771,0
1813,8,16762,0
1813,9,16770,0
1813,10,16764,0
1820,1,16835,0
1820,2,16838,0
1820,3,16832,1
1820,4,16833,0
1820,5,16834,0
1820,6,16837,0
1820,7,16836,0
1824,1,16871,0
1824,2,16869,0
1824,3,16870,0
1824,4,16874,0
1824,5,16875,0
1824,6,16873,0
1824,7,16872,0
1830,1,16925,0
1830,2,16926,0
1830,3,16928,0
1830,4,16929,0
1830,5,16930,0
1830,6,16927,0
1830,7,16924,0
1830,8,16932,0
1830,9,16923,0
1830,10,16931,1
1834,1,16971,1
1834,2,16964,0
1834,3,16972,0
1834,4,16968,0
1834,5,16963,0
1834,6,16969,0
1834,7,16966,0
1834,8,16967,0
1834,9,16970,0
1834,10,16965,0
1852,1,17128,0
1852,2,17136,1
1852,3,17133,0
1852,4,17137,0
1852,5,17134,0
1852,6,17130,1
1852,7,17129,0
1852,8,17131,0
1852,9,17132,0
1852,10,17135,0
1868,1,17281,1
1868,2,17287,0
1868,3,17280,0
1868,4,17279,0
1868,5,17283,0
1868,6,17286,1
1868,7,17284,0
1868,8,17288,0
1868,9,17282,0
1868,10,17285,0
1908,1,17657,1
1908,2,17652,0
1908,3,17654,0
1908,4,17655,0
1908,5,17653,0
1908,6,17650,0
1908,7,17651,0
1908,8,17656,0
1908,9,17649,0
1908,10,17658,0
1918,1,17745,1
1918,2,17751,1
1918,3,17744,0
1918,4,17749,0
1918,5,17750,0
1918,6,17746,0
1918,7,17748,0
1918,8,17743,0
1918,9,17752,1
1918,10,17747,1
1942,1,17963,0
1942,2,17971,0
1942,3,17970,0
1942,4,17964,0
1942,5,17969,0
1942,6,17968,0
1942,7,17962,0
1942,8,17965,0
1942,9,17966,0
1942,10,17967,0
1954,1,18077,0
1954,2,18074,0
1954,3,18070,0
1954,4,18076,0
1954,5,18071,0
1954,6,18079,0
1954,7,18075,0
1954,8,18073,0
1954,9,18078,0
1954,10,18072,0
1967,1,18195,1
1967,2,18200,0
1967,3,18202,0
1967,4,18194,0
1967,5,18197,0
1967,6,18199,1
1967,7,18196,0
1967,8,18201,0
1967,9,18203,1
1967,10,18198,0
1975,1,18269,0
1975,2,18277,1
1975,3,18273,0
1975,4,18270,0
1975,5,18275,0
1975,6,18268,0
1975,7,18271,0
1975,8,18274,0
1975,9,18272,0
1975,10,18276,0
1986,1,18369,0
1986,2,18374,0
1986,3,18372,0
1986,4,18371,0
1986,5,18375,0
1986,6,18370,0
1986,7,18373,0
1992,1,18431,0
1992,2,18424,0
1992,3,18430,0
1992,4,18432,0
1992,5,18428,0
1992,6,18425,0
1992,7,18427,0
1992,8,18429,0
1992,9,18426,0
1992,10,18423,0
2002,1,18519,0
2002,2,18516,0
2002,3,18515,0
2002,4,18514,0
2002,5,18518,1
2002,6,18520,1
2002,7,18517,0
2007,1,18561,1
2007,2,18558,1
2007,3,18560,0
2007,4,18565,0
2007,5,18567,0
2007,6,18562,0
2007,7,18564,0
2007,8,18559,1
2007,9,18566,0
2007,10,18563,0
2027,1,18753,1
2027,2,18754,0
2027,3,18746,0
2027,4,18748,0
2027,5,18747,0
2027,6,18752,0
2027,7,18755,0
2027,8,18749,0
2027,9,18751,0
2027,10,18750,0
2033,1,18807,1
2033,2,18811,0
2033,3,18809,0
2033,4,18815,0
2033,5,18808,0
2033,6,18810,0
2033,7,18812,0
2033,8,18806,0
2033,9,18814,0
2033,10,18813,0
2054,1,18999,0
2054,2,19001,0
2054,3,18996,0
2054,4,18995,0
2054,5,18998,0
2054,6,19000,0
2054,7,18997,0
2055,1,19002,1
2055,2,19009,0
2055,3,19011,0
2055,4,19003,0
2055,5,19006,0
2055,6,19007,0
2055,7,19004,0
2055,8,19005,0
2055,9,19008,0
2055,10,19010,0
2056,1,19015,0
2056,2,19014,0
2056,3,19012,0
2056,4,19013,0
2056,5,19017,0
2056,6,19016,0
2056,7,19018,0
2058,1,19026,1
2058,2,19030,0
2058,3,19034,0
2058,4,19033,0
2058,5,19027,0
2058,6,19035,0
2058,7,19029,0
2058,8,19028,0
2058,9,19032,0
2058,10,19031,0
2077,1,19212,0
2077,2,19213,0
2077,3,19214,0
2077,4,19215,0
2077,5,19211,0
2077,6,19210,0
2077,7,19209,0
2077,8,19207,0
2077,9,19208,0
2077,10,19216,0
2095,1,19374,0
2095,2,19378,0
2095,3,19376,1
2095,4,19375,0
2095,5,19377,0
2095,6,19372,0
2095,7,19373,0
2099,1,19407,0
2099,2,19410,0
2099,3,19406,0
2099,4,19412,0
2099,5,19409,0
2099,6,19411,0
2099,7,19408,0
2112,1,19530,0
2112,2,19526,0
2112,3,19525,0
2112,4,19528,0
2112,5,19524,0
2112,6,19527,0
2112,7,19529,0
2130,1,19697,0
2130,2,19696,0
2130,3,19695,1
2130,4,19699,0
2130,5,19692,0
2130,6,19698,0
2130,7,19694,0
2130,8,19700,0
2130,9,19701,0
2130,10,19693,0
2135,1,19744,1
2135,2,19747,0
2135,3,19741,0
2135,4,19739,0
2135,5,19745,0
2135,6,19742,0
2135,7,19740,0
2135,8,19746,0
2135,9,19748,0
2135,10,19743,0
2136,1,19750,0
2136,2,19754,0
2136,3,19751,0
2136,4,19752,0
2136,5,19755,0
2136,6,19749,0
2136,7,19753,0
2156,1,19919,1
2156,2,19924,0
2156,3,19928,0
2156,4,19921,0
2156,5,19926,0
2156,6,19923,0
2156,7,19922,0
2156,8,19925,0
2156,9,19920,0
2156,10,19927,0
2160,1,19962,1
2160,2,19965,0
2160,3,19959,0
2160,4,19961,0
2160,5,19964,0
2160,6,19966,0
2160,7,19968,0
2160,8,19967,0
2160,9,19960,0
2160,10,19963,0
2175,1,20097,0
2175,2,20103,0
2175,3,20098,0
2175,4,20100,0
2175,5,20102,0
2175,6,20099,0
2175,7,20101,0
2186,1,20202,0
2186,2,20196,0
2186,3,20198,1
2186,4,20204,0
2186,5,20201,0
2186,6,20195,0
2186,7,20200,0
2186,8,20203,0
2186,9,20197,0
2186,10,20199,0
2189,1,20227,0
2189,2,20230,0
2189,3,20228,0
2189,4,20231,0
2189,5,20225,0
2189,6,20226,0
2189,7,20229,0
2194,1,20276,1
2194,2,20272,0
2194,3,20279,0
2194,4,20277,0
2194,5,20275,0
2194,6,20274,1
2194,7,20280,0
2194,8,20273,1
2194,9,20278,0
2194,10,20281,0
2198,1,20315,1
2198,2,20312,0
2198,3,20311,0
2198,4,20307,0
2198,5,20308,0
2198,6,20309,0
2198,7,20314,0
2198,8,20310,0
2198,9,20313,0
2198,10,20306,0
2202,1,20355,0
2202,2,20352,0
2202,3,20349,0
2202,4,20351,1
2202,5,20350,0
2202,6,20353,0
2202,7,20346,1
2202,8,20348,0
2202,9,20354,0
2202,10,20347,0
2204,1,20366,0
2204,2,20369,0
2204,3,20363,0
2204,4,20365,0
2204,5,20364,0
2204,6,20367,0
2204,7,20371,0
2204,8,20372,0
2204,9,20368,0
2204,10,20370,0
2210,1,20421,0
2210,2,20417,0
2210,3,20419,0
2210,4,20418,0
2210,5,20420,0
2210,6,20423,0
2210,7,20422,0
2212,1,20435,1
2212,2,20439,0
2212,3,20434,0
2212,4,20436,1
2212,5,20440,0
2212,6,20438,0
2212,7,20437,0
2222,1,20530,1
2222,2,20535,0
2222,3,20536,0
2222,4,20532,0
2222,5,20531,0
2222,6,20528,0
2222,7,20537,0
2222,8,20534,0
2222,9,20533,0
2222,10,20529,0
2232,1,20629,0
2232,2,20627,0
2232,3,20631,0
2232,4,20626,0
2232,5,20625,0
2232,6,20630,0
2232,7,20628,0
2241,1,20711,0
2241,2,20714,0
2241,3,20706,0
2241,4,20708,0
2241,5,20707,0
2241,6,20712,0
2241,7,20715,0
2241,8,20709,0
2241,9,20713,0
2241,10,20710,0
2249,1,20775,1
2249,2,20777,1
2249,3,20774,1
2249,4,20782,0
2249,5,20780,0
2249,6,20779,0
2249,7,20783,0
2249,8,20781,0
2249,9,20776,0
2249,10,20778,0
2251,1,20794,0
2251,2,20802,0
2251,3,20799,0
2251,4,20803,0
2251,5,20795,0
2251,6,20797,1
2251,7,20800,0
2251,8,20798,0
2251,9,20796,0
2251,10,20801,0
2313,1,21374,0
2313,2,21378,0
2313,3,21376,0
2313,4,21375,0
2313,5,21373,0
2313,6,21372,0
2313,7,21377,0
2318,1,21416,0
2318,2,21415,0
2318,3,21411,0
2318,4,21410,0
2318,5,21414,0
2318,6,21413,0
2318,7,21412,0
2324,1,21472,0
2324,2,21473,1
2324,3,21467,0
2324,4,21465,0
2324,5,21468,0
2324,6,21469,0
2324,7,21464,0
2324,8,21466,0
2324,9,21470,0
2324,10,21471,0
2328,1,21510,1
2328,2,21506,0
2328,3,21505,0
2328,4,21509,0
2328,5,21508,0
2328,6,21504,0
2328,7,21502,0
2328,8,21503,0
2328,9,21501,0
2328,10,21507,0
2343,1,21641,0
2343,2,21638,0
2343,3,21636,1
2343,4,21643,0
2343,5,21645,0
2343,6,21640,0
2343,7,21637,0
2343,8,21642,0
2343,9,21639,0
2343,10,21644,0
2345,1,21657,0
2345,2,21659,0
2345,3,21658,0
2345,4,21660,0
2345,5,21665,0
2345,6,21661,0
2345,7,21663,0
2345,8,21662,0
2345,9,21664,0
2345,10,21656,0
2363,1,21814,0
2363,2,21817,0
2363,3,21812,0
2363,4,21815,0
2363,5,21813,0
2363,6,21816,0
2363,7,21818,0
2372,1,21901,0
2372,2,21905,0
2372,3,21899,0
2372,4,21897,1
2372,5,21903,1
2372,6,21900,0
2372,7,21904,0
2372,8,21898,0
2372,9,21896,0
2372,10,21902,0
2412,1,22268,1
2412,2,22264,0
2412,3,22267,1
2412,4,22260,0
2412,5,22261,0
2412,6,22263,0
2412,7,22266,0
2412,8,22269,0
2412,9,22265,0
2412,10,22262,0
2413,1,22278,1
2413,2,22279,0
2413,3,22270,0
2413,4,22277,0
2413,5,22271,0
2413,6,22273,0
2413,7,22276,0
2413,8,22274,0
2413,9,22272,0
2413,10,22275,0
2454,1,22637,0
2454,2,22638,0
2454,3,22639,0
2454,4,22641,0
2454,5,22640,0
2454,6,22636,0
2454,7,22635,0
2494,1,23005,0
2494,2,23001,1
2494,3,23004,0
2494,4,23003,0
2494,5,23000,0
2494,6,23002,0
2494,7,22999,0
2503,1,23088,1
2503,2,23085,0
2503,3,23092,0
2503,4,23086,0
2503,5,23089,0
2503,6,23087,0
2503,7,23090,0
2503,8,23091,0
2503,9,23084,0
2503,10,23083,0
2506,1,23118,0
2506,2,23119,0
2506,3,23113,0
2506,4,23116,0
2506,5,23115,0
2506,6,23114,0
2506,7,23117,0
2531,1,23351,0
2531,2,23345,0
2531,3,23346,0
2531,4,23347,0
2531,5,23348,0
2531,6,23349,0
2531,7,23350,0
2541,1,23447,0
2541,2,23446,0
2541,3,23448,0
2541,4,23445,0
2541,5,23442,0
2541,6,23443,0
2541,7,23444,1
2545,1,23486,1
2545,2,23483,0
2545,3,23481,0
2545,4,23485,0
2545,5,23480,0
2545,6,23482,0
2545,7,23488,0
2545,8,23484,0
2545,9,23479,0
2545,10,23487,0
2546,1,23490,1
2546,2,23497,0
2546,3,23493,0
2546,4,23494,0
2546,5,23489,1
2546,6,23498,0
2546,7,23492,1
2546,8,23491,0
2546,9,23496,0
2546,10,23495,0
2559,1,23609,0
2559,2,23612,0
2559,3,23608,0
2559,4,23616,0
2559,5,23607,0
2559,6,23610,0
2559,7,23613,0
2559,8,23615,0
2559,9,23614,0
2559,10,23611,1
2562,1,23644,1
2562,2,23639,0
2562,3,23645,0
2562,4,23646,0
2562,5,23642,0
2562,6,23643,0
2562,7,23640,0
2562,8,23638,1
2562,9,23637,0
2562,10,23641,0
2563,1,23647,0
2563,2,23651,0
2563,3,23649,0
2563,4,23648,0
2563,5,23653,0
2563,6,23652,0
2563,7,23650,0
2565,1,23673,1
2565,2,23672,1
2565,3,23671,0
2565,4,23670,0
2565,5,23666,0
2565,6,23667,0
2565,7,23669,0
2565,8,23665,0
2565,9,23664,0
2565,10,23668,0
2582,1,23819,1
2582,2,23820,1
2582,3,23821,0
2582,4,23816,0
2582,5,23824,0
2582,6,23822,0
2582,7,23818,0
2582,8,23823,0
2582,9,23817,0
2582,10,23825,0
2601,1,23994,0
2601,2,23997,0
2601,3,24002,0
2601,4,23998,0
2601,5,24000,0
2601,6,23995,0
2601,7,23999,0
2601,8,23996,0
2601,9,24003,0
2601,10,24001,0
2622,1,24199,0
2622,2,24200,0
2622,3,24204,0
2622,4,24198,0
2622,5,24201,0
2622,6,24203,0
2622,7,24202,0
2640,1,24357,0
2640,2,24356,0
2640,3,24355,0
2640,4,24360,0
2640,5,24359,0
2640,6,24354,0
2640,7,24358,0
2642,1,24372,0
2642,2,24374,0
2642,3,24369,0
2642,4,24376,0
2642,5,24377,0
2642,6,24370,0
2642,7,24375,0
2642,8,24371,0
2642,9,24368,0
2642,10,24373,0
2648,1,24421,0
2648,2,24420,0
2648,3,24418,0
2648,4,24423,0
2648,5,24419,0
2648,6,24425,0
2648,7,24424,0
2648,8,24417,0
2648,9,24416,0
2648,10,24422,0
2688,1,24811,1
2688,2,24813,0
2688,3,24810,0
2688,4,24806,0
2688,5,24809,0
2688,6,24807,0
2688,7,24804,0
2688,8,24808,0
2688,9,24812,0
2688,10,24805,0
2693,1,24852,1
2693,2,24857,0
2693,3,24850,0
2693,4,24849,0
2693,5,24855,0
2693,6,24851,0
2693,7,24856,0
2693,8,24854,0
2693,9,24853,0
2693,10,24848,0
2700,1,24910,1
2700,2,24912,0
2700,3,24916,0
2700,4,24918,0
2700,5,24911,0
2700,6,24914,1
2700,7,24917,0
2700,8,24909,0
2700,9,24913,0
2700,10,24915,0
2751,1,25383,0
2751,2,25382,0
2751,3,25378,0
2751,4,25376,0
2751,5,25375,0
2751,6,25380,1
2751,7,25374,0
2751,8,25381,0
2751,9,25379,0
2751,10,25377,0
2759,1,25459,0
2759,2,25454,0
2759,3,25458,0
2759,4,25460,0
2759,5,25453,0
2759,6,25457,1
2759,7,25452,0
2759,8,25451,0
2759,9,25456,0
2759,10,25455,0
2769,1,25550,1
2769,2,25542,0
2769,3,25545,0
2769,4,25547,0
2769,5,25548,0
2769,6,25551,0
2769,7,25549,0
2769,8,25544,0
2769,9,25543,0
2769,10,25546,0
2785,1,25705,0
2785,2,25697,1
2785,3,25704,0
2785,4,25700,0
2785,5,25702,0
2785,6,25699,0
2785,7,25696,0
2785,8,25701,0
2785,9,25698,0
2785,10,25703,0
2837,1,26170,0
2837,2,26172,0
2837,3,26169,0
2837,4,26168,0
2837,5,26173,1
2837,6,26174,0
2837,7,26171,0
2844,1,26233,1
2844,2,26229,0
2844,3,26238,0
2844,4,26231,1
2844,5,26237,0
2844,6,26230,0
2844,7,26234,0
2844,8,26232,0
2844,9,26235,0
2844,10,26236,0
2848,1,26271,0
2848,2,26274,0
2848,3,26277,0
2848,4,26272,0
2848,5,26269,0
2848,6,26276,0
2848,7,26275,0
2848,8,26278,0
2848,9,26270,0
2848,10,26273,0
2865,1,26432,0
2865,2,26431,0
2865,3,26433,0
2865,4,26430,0
2865,5,26428,0
2865,6,26427,0
2865,7,26429,0
2873,1,26504,0
2873,2,26498,0
2873,3,26499,0
2873,4,26503,0
2873,5,26501,0
2873,6,26502,0
2873,7,26500,0
2879,1,26552,1
2879,2,26554,0
2879,3,26553,0
2879,4,26558,0
2879,5,26555,0
2879,6,26557,0
2879,7,26556,0
2880,1,26565,0
2880,2,26563,0
2880,3,26561,0
2880,4,26560,0
2880,5,26562,0
2880,6,26559,0
2880,7,26564,0
2890,1,26652,1
2890,2,26651,1
2890,3,26649,0
2890,4,26653,0
2890,5,26647,0
2890,6,26650,0
2890,7,26648,0
2910,1,26824,1
2910,2,26829,0
2910,3,26823,0
2910,4,26830,0
2910,5,26825,0
2910,6,26826,0
2910,7,26831,0
2910,8,26828,0
2910,9,26832,1
2910,10,26827,0
2915,1,26877,0
2915,2,26881,0
2915,3,26876,0
2915,4,26880,1
2915,5,26874,0
2915,6,26879,0
2915,7,26878,0
2915,8,26875,0
2915,9,26882,0
2915,10,26873,0
2964,1,27348,0
2964,2,27347,0
2964,3,27342,0
2964,4,27344,0
2964,5,27346,0
2964,6,27343,1
2964,7,27345,0
2983,1,27516,1
2983,2,27509,0
2983,3,27511,0
2983,4,27512,0
2983,5,27517,0
2983,6,27508,1
2983,7,27510,0
2983,8,27514,0
2983,9,27513,0
2983,10,27515,0
2985,1,27533,1
2985,2,27528,1
2985,3,27531,1
2985,4,27536,0
2985,5,27535,0
2985,6,27534,0
2985,7,27529,0
2985,8,27530,0
2985,9,27532,0
2985,10,27537,0
2988,1,27567,1
2988,2,27565,0
2988,3,27560,0
2988,4,27564,0
2988,5,27566,0
2988,6,27562,0
2988,7,27561,0
2988,8,27563,0
2988,9,27558,0
2988,10,27559,0
3016,1,27816,1
3016,2,27811,0
3016,3,27809,0
3016,4,27815,0
3016,5,27814,0
3016,6,27810,1
3016,7,27813,0
3016,8,27808,0
3016,9,27812,1
3016,10,27817,0
3017,1,27819,1
3017,2,27825,0
3017,3,27826,0
3017,4,27821,0
3017,5,27822,0
3017,6,27824,0
3017,7,27827,0
3017,8,27823,0
3017,9,27818,0
3017,10,27820,0
3020,1,27847,0
3020,2,27848,0
3020,3,27845,0
3020,4,27846,0
3020,5,27849,0
3020,6,27850,0
3020,7,27851,0
3026,1,27907,0
3026,2,27903,1
3026,3,27908,0
3026,4,27900,0
3026,5,27899,0
3026,6,27901,0
3026,7,27905,0
3026,8,27904,0
3026,9,27902,0
3026,10,27906,0
3052,1,28152,1
3052,2,28153,0
3052,3,28149,0
3052,4,28155,0
3052,5,28150,0
3052,6,28148,0
3052,7,28154,1
3052,8,28147,0
3052,9,28156,0
3052,10,28151,0
3076,1,28378,0
3076,2,28379,0
3076,3,28381,0
3076,4,28382,0
3076,5,28383,0
3076,6,28384,0
3076,7,28375,0
3076,8,28377,0
3076,9,28376,0
3076,10,28380,0
3107,1,28670,1
3107,2,28673,1
3107,3,28672,0
3107,4,28668,0
3107,5,28671,0
3107,6,28667,0
3107,7,28669,0
3111,1,28710,1
3111,2,28707,1
3111,3,28712,0
3111,4,28704,0
3111,5,28708,0
3111,6,28709,1
3111,7,28713,0
3111,8,28705,0
3111,9,28711,0
3111,10,28706,0
3114,1,28734,1
3114,2,28739,0
3114,3,28736,0
3114,4,28743,0
3114,5,28738,0
3114,6,28740,0
3114,7,28741,1
3114,8,28742,0
3114,9,28737,0
3114,10,28735,0
3120,1,28785,1
3120,2,28790,0
3120,3,28788,0
3120,4,28786,0
3120,5,28787,0
3120,6,28784,0
3120,7,28782,0
3120,8,28783,0
3120,9,28789,0
3120,10,28791,0
3123,1,28812,1
3123,2,28815,0
3123,3,28809,0
3123,4,28818,0
3123,5,28813,0
3123,6,28811,0
3123,7,28810,0
3123,8,28814,0
3123,9,28816,1
3123,10,28817,0
3135,1,28916,0
3135,2,28913,0
3135,3,28917,0
3135,4,28914,0
3135,5,28912,0
3135,6,28915,1
3135,7,28918,0
3135,8,28911,0
3135,9,28920,0
3135,10,28919,0
3138,1,28950,0
3138,2,28947,0
3138,3,28949,0
3138,4,28941,0
3138,5,28945,0
3138,6,28942,1
3138,7,28946,0
3138,8,28943,0
3138,9,28948,0
3138,10,28944,0
3142,1,28983,0
3142,2,28981,0
3142,3,28976,0
3142,4,28978,0
3142,5,28982,1
3142,6,28977,0
3142,7,28975,0
3142,8,28979,0
3142,9,28984,0
3142,10,28980,0
3158,1,29118,1
3158,2,29122,0
3158,3,29120,0
3158,4,29124,0
3158,5,29126,0
3158,6,29121,0
3158,7,29125,0
3158,8,29119,1
3158,9,29117,0
3158,10,29123,0
3167,1,29207,0
3167,2,29212,1
3167,3,29213,0
3167,4,29211,0
3167,5,29208,0
3167,6,29205,0
3167,7,29209,0
3167,8,29206,0
3167,9,29210,0
3167,10,29204,0
3168,1,29214,1
3168,2,29215,0
3168,3,29220,0
3168,4,29219,0
3168,5,29218,0
3168,6,29221,0
3168,7,29223,0
3168,8,29217,0
3168,9,29222,0
3168,10,29216,0
3169,1,29226,0
3169,2,29228,0
3169,3,29229,0
3169,4,29227,1
3169,5,29224,0
3169,6,29230,0
3169,7,29225,0
3171,1,29245,1
3171,2,29248,0
3171,3,29243,0
3171,4,29247,0
3171,5,29244,0
3171,6,29249,1
3171,7,29250,0
3171,8,29246,0
3171,9,29242,0
3171,10,29241,0
3185,1,29372,0
3185,2,29374,0
3185,3,29377,0
3185,4,29376,0
3185,5,29378,0
3185,6,29373,0
3185,7,29375,1
3195,1,29466,1
3195,2,29469,0
3195,3,29470,0
3195,4,29467,0
3195,5,29468,1
3195,6,29464,0
3195,7,29472,0
3195,8,29463,0
3195,9,29465,0
3195,10,29471,0
3203,1,29543,0
3203,2,29546,0
3203,3,29542,1
3203,4,29540,0
3203,5,29537,0
3203,6,29545,0
3203,7,29541,0
3203,8,29544,0
3203,9,29539,0
3203,10,29538,0
3215,1,29657,0
3215,2,29651,0
3215,3,29652,0
3215,4,29655,0
3215,5,29656,0
3215,6,29654,0
3215,7,29653,0
3239,1,29861,0
3239,2,29866,1
3239,3,29869,0
3239,4,29864,0
3239,5,29862,0
3239,6,29868,0
3239,7,29865,0
3239,8,29867,0
3239,9,29863,0
3239,10,29870,0
3240,1,29878,1
3240,2,29872,0
3240,3,29880,0
3240,4,29879,0
3240,5,29877,0
3240,6,29874,0
3240,7,29873,0
3240,8,29875,0
3240,9,29876,0
3240,10,29871,0
3253,1,29996,1
3253,2,29989,0
3253,3,29991,0
3253,4,29997,0
3253,5,29993,0
3253,6,29998,0
3253,7,29992,0
3253,8,29990,0
3253,9,29995,0
3253,10,29994,0
3254,1,30002,0
3254,2,30004,1
3254,3,30003,0
3254,4,30005,1
3254,5,30000,1
3254,6,29999,0
3254,7,30001,0
3264,1,30100,1
3264,2,30099,0
3264,3,30096,0
3264,4,30095,0
3264,5,30098,0
3264,6,30093,0
3264,7,30102,0
3264,8,30101,0
3264,9,30097,0
3264,10,30094,0
3266,1,30121,1
3266,2,30120,0
3266,3,30114,0
3266,4,30118,0
3266,5,30122,0
3266,6,30119,0
3266,7,30116,0
3266,8,30117,0
3266,9,30113,0
3266,10,30115,0
3277,1,30215,1
3277,2,30219,0
3277,3,30216,0
3277,4,30214,0
3277,5,30220,0
3277,6,30217,0
3277,7,30218,0
3283,1,30268,0
3283,2,30272,0
3283,3,30267,0
3283,4,30273,1
3283,5,30270,0
3283,6,30271,0
3283,7,30265,0
3283,8,30266,0
3283,9,30269,0
3283,10,30274,0
3315,1,30561,1
3315,2,30564,1
3315,3,30558,0
3315,4,30563,0
3315,5,30556,0
3315,6,30560,0
3315,7,30555,0
3315,8,30559,0
3315,9,30562,0
3315,10,30557,0
3351,1,30892,1
3351,2,30894,0
3351,3,30887,0
3351,4,30890,0
3351,5,30885,0
3351,6,30891,0
3351,7,30889,0
3351,8,30886,0
3351,9,30893,0
3351,10,30888,0
3352,1,30899,0
3352,2,30900,0
3352,3,30901,0
3352,4,30895,0
3352,5,30896,0
3352,6,30898,0
3352,7,30897,0
3381,1,31167,1
3381,2,31173,0
3381,3,31165,0
3381,4,31164,0
3381,5,31169,0
3381,6,31172,0
3381,7,31168,0
3381,8,31166,1
3381,9,31171,0
3381,10,31170,0
3389,1,31239,0
3389,2,31242,0
3389,3,31240,0
3389,4,31238,0
3389,5,31243,0
3389,6,31244,0
3389,7,31241,0
3390,1,31246,1
3390,2,31248,0
3390,3,31245,0
3390,4,31252,0
3390,5,31254,0
3390,6,31253,0
3390,7,31251,0
3390,8,31249,0
3390,9,31250,0
3390,10,31247,0
3392,1,31269,0
3392,2,31272,0
3392,3,31271,0
3392,4,31274,1
3392,5,31273,0
3392,6,31267,0
3392,7,31265,0
3392,8,31266,0
3392,9,31268,0
3392,10,31270,0
3401,1,31346,0
3401,2,31351,0
3401,3,31348,0
3401,4,31352,0
3401,5,31349,0
3401,6,31347,0
3401,7,31350,0
3415,1,31473,0
3415,2,31477,0
3415,3,31471,0
3415,4,31475,0
3415,5,31476,0
3415,6,31474,0
3415,7,31472,0
3423,1,31545,0
3423,2,31541,0
3423,3,31544,0
3423,4,31542,0
3423,5,31540,0
3423,6,31539,1
3423,7,31543,0
3427,1,31573,1
3427,2,31571,0
3427,3,31578,0
3427,4,31579,0
3427,5,31577,0
3427,6,31570,0
3427,7,31576,0
3427,8,31572,0
3427,9,31574,0
3427,10,31575,0
3429,1,31598,0
3429,2,31593,0
3429,3,31592,0
3429,4,31590,0
3429,5,31596,1
3429,6,31594,0
3429,7,31597,0
3429,8,31595,0
3429,9,31599,1
3429,10,31591,0
3430,1,31606,0
3430,2,31603,0
3430,3,31604,0
3430,4,31605,0
3430,5,31600,0
3430,6,31602,0
3430,7,31601,0
3435,1,31653,1
3435,2,31656,0
3435,3,31647,1
3435,4,31649,0
3435,5,31648,0
3435,6,31651,0
3435,7,31654,0
3435,8,31652,0
3435,9,31650,0
3435,10,31655,0
3454,1,31821,0
3454,2,31825,0
3454,3,31822,0
3454,4,31823,0
3454,5,31820,0
3454,6,31824,0
3454,7,31819,0
3463,1,31911,1
3463,2,31912,0
3463,3,31904,0
3463,4,31907,0
3463,5,31908,0
3463,6,31909,0
3463,7,31910,0
3463,8,31906,0
3463,9,31905,0
3463,10,31903,0
3464,1,31917,1
3464,2,31921,0
3464,3,31914,0
3464,4,31922,1
3464,5,31920,0
3464,6,31918,1
3464,7,31919,0
3464,8,31915,0
3464,9,31913,0
3464,10,31916,0
3469,1,31964,0
3469,2,31963,0
3469,3,31966,0
3469,4,31970,0
3469,5,31972,0
3469,6,31968,0
3469,7,31967,0
3469,8,31965,0
3469,9,31971,0
3469,10,31969,0
3472,1,31999,1
3472,2,31990,0
3472,3,31996,0
3472,4,31995,0
3472,5,31998,0
3472,6,31992,0
3472,7,31991,0
3472,8,31994,0
3472,9,31997,0
3472,10,31993,0
3523,1,32470,0
3523,2,32473,0
3523,3,32472,0
3523,4,32468,0
3523,5,32471,0
3523,6,32469,0
3523,7,32467,0
3527,1,32505,1
3527,2,32504,1
3527,3,32512,0
3527,4,32510,0
3527,5,32506,0
3527,6,32509,0
3527,7,32511,0
3527,8,32508,0
3527,9,32507,0
3527,10,32513,0
3536,1,32586,1
3536,2,32589,0
3536,3,32592,0
3536,4,32591,0
3536,5,32585,0
3536,6,32593,0
3536,7,32594,0
3536,8,32588,1
3536,9,32587,0
3536,10,32590,0
3537,1,32602,1
3537,2,32601,1
3537,3,32597,1
3537,4,32604,0
3537,5,32600,0
3537,6,32598,0
3537,7,32603,0
3537,8,32596,0
3537,9,32599,0
3537,10,32595,0
3544,1,32669,0
3544,2,32672,1
3544,3,32668,0
3544,4,32671,0
3544,5,32667,1
3544,6,32673,0
3544,7,32665,0
3544,8,32674,0
3544,9,32670,1
3544,10,32666,0
3551,1,32729,1
3551,2,32734,0
3551,3,32733,1
3551,4,32735,0
3551,5,32730,0
3551,6,32738,0
3551,7,32736,0
3551,8,32732,0
3551,9,32737,0
3551,10,32731,0
3556,1,32777,0
3556,2,32774,0
3556,3,32779,1
3556,4,32778,0
3556,5,32773,0
3556,6,32776,0
3556,7,32781,0
3556,8,32780,0
3556,9,32782,0
3556,10,32775,0
3606,1,33234,0
3606,2,33242,0
3606,3,33241,0
3606,4,33243,0
3606,5,33236,0
3606,6,33239,1
3606,7,33235,0
3606,8,33238,0
3606,9,33237,1
3606,10,33240,0
3634,1,33502,0
3634,2,33501,0
3634,3,33499,0
3634,4,33500,1
3634,5,33497,0
3634,6,33496,0
3634,7,33498,0
3636,1,33517,1
3636,2,33520,0
3636,3,33518,0
3636,4,33514,0
3636,5,33521,0
3636,6,33516,1
3636,7,33522,0
3636,8,33515,0
3636,9,33519,0
3636,10,33513,0
3637,1,33530,1
3637,2,33523,1
3637,3,33524,0
3637,4,33525,0
3637,5,33527,0
3637,6,33531,0
3637,7,33526,1
3637,8,33529,0
3637,9,33532,0
3637,10,33528,0
3653,1,33670,1
3653,2,33666,0
3653,3,33667,0
3653,4,33669,0
3653,5,33668,0
3653,6,33671,0
3653,7,33665,0
3658,1,33712,1
3658,2,33709,1
3658,3,33710,0
3658,4,33716,0
3658,5,33714,1
3658,6,33713,0
3658,7,33711,0
3658,8,33717,0
3658,9,33715,0
3658,10,33718,0
3664,1,33773,0
3664,2,33771,0
3664,3,33774,0
3664,4,33769,0
3664,5,33770,0
3664,6,33775,0
3664,7,33772,0
3685,1,33971,0
3685,2,33972,0
3685,3,33970,0
3685,4,33964,1
3685,5,33967,0
3685,6,33968,1
3685,7,33965,0
3685,8,33973,0
3685,9,33969,0
3685,10,33966,0
3692,1,34030,0
3692,2,34032,0
3692,3,34029,0
3692,4,34034,0
3692,5,34033,0
3692,6,34031,0
3692,7,34028,0
3701,1,34111,1
3701,2,34116,0
3701,3,34118,0
3701,4,34109,0
3701,5,34112,1
3701,6,34113,0
3701,7,34110,0
3701,8,34114,0
3701,9,34117,0
3701,10,34115,0
3727,1,34355,0
3727,2,34357,0
3727,3,34358,0
3727,4,34353,0
3727,5,34359,0
3727,6,34360,0
3727,7,34356,0
3727,8,34351,0
3727,9,34354,0
3727,10,34352,0
3732,1,34405,1
3732,2,34407,0
3732,3,34406,0
3732,4,34398,0
3732,5,34399,0
3732,6,34404,0
3732,7,34402,0
3732,8,34401,0
3732,9,34400,0
3732,10,34403,0
3746,1,34542,0
3746,2,34535,0
3746,3,34543,0
3746,4,34539,0
3746,5,34537,0
3746,6,34540,0
3746,7,34536,0
3746,8,34538,0
3746,9,34544,0
3746,10,34541,0
3768,1,34747,0
3768,2,34750,0
3768,3,34752,0
3768,4,34755,0
3768,5,34751,0
3768,6,34753,0
3768,7,34754,0
3768,8,34748,0
3768,9,34746,0
3768,10,34749,0
3770,1,34765,0
3770,2,34763,0
3770,3,34769,0
3770,4,34764,0
3770,5,34768,0
3770,6,34766,0
3770,7,34767,0
3779,1,34851,0
3779,2,34849,0
3779,3,34852,0
3779,4,34853,0
3779,5,34847,0
3779,6,34848,0
3779,7,34850,0
3789,1,34935,1
3789,2,34937,0
3789,3,34936,0
3789,4,34944,0
3789,5,34943,0
3789,6,34942,0
3789,7,34939,0
3789,8,34941,0
3789,9,34938,0
3789,10,34940,0
3798,1,35016,1
3798,2,35018,1
3798,3,35023,0
3798,4,35024,0
3798,5,35020,1
3798,6,35022,0
3798,7,35025,0
3798,8,35021,0
3798,9,35019,0
3798,10,35017,0
3802,1,35053,0
3802,2,35058,0
3802,3,35057,0
3802,4,35054,0
3802,5,35056,0
3802,6,35051,0
3802,7,35059,0
3802,8,35050,0
3802,9,35055,0
3802,10,35052,0
3803,1,35065,0
3803,2,35061,0
3803,3,35064,0
3803,4,35062,0
3803,5,35060,0
3803,6,35063,0
3803,7,35066,0
3815,1,35175,1
3815,2,35168,0
3815,3,35173,0
3815,4,35174,0
3815,5,35176,0
3815,6,35177,0
3815,7,35169,0
3815,8,35170,0
3815,9,35172,0
3815,10,35171,0
3830,1,35316,0
3830,2,35310,0
3830,3,35313,0
3830,4,35311,0
3830,5,35315,0
3830,6,35309,1
3830,7,35318,0
3830,8,35317,0
3830,9,35314,0
3830,10,35312,0
3833,1,35343,1
3833,2,35337,1
3833,3,35340,0
3833,4,35336,0
3833,5,35342,0
3833,6,35344,0
3833,7,35341,0
3833,8,35345,0
3833,9,35339,0
3833,10,35338,0
3907,1,36036,1
3907,2,36032,1
3907,3,36030,0
3907,4,36031,0
3907,5,36028,0
3907,6,36033,0
3907,7,36037,0
3907,8,36029,0
3907,9,36035,0
3907,10,36034,0
3909,1,36051,0
3909,2,36057,0
3909,3,36054,0
3909,4,36053,0
3909,5,36055,0
3909,6,36049,0
3909,7,36056,0
3909,8,36048,0
3909,9,36050,0
3909,10,36052,0
3911,1,36075,1
3911,2,36077,0
3911,3,36069,0
3911,4,36072,0
3911,5,36070,0
3911,6,36071,0
3911,7,36076,0
3911,8,36074,0
3911,9,36073,1
3911,10,36068,0
3912,1,36079,0
3912,2,36083,0
3912,3,36086,0
3912,4,36080,0
3912,5,36081,0
3912,6,36082,0
3912,7,36085,0
3912,8,36087,0
3912,9,36078,0
3912,10,36084,0
3925,1,36200,0
3925,2,36202,0
3925,3,36196,0
3925,4,36204,0
3925,5,36205,0
3925,6,36201,0
3925,7,36199,0
3925,8,36198,0
3925,9,36203,0
3925,10,36197,0
3934,1,36282,0
3934,2,36284,0
3934,3,36280,0
3934,4,36285,0
3934,5,36278,0
3934,6,36281,0
3934,7,36286,0
3934,8,36283,0
3934,9,36279,0
3934,10,36277,1
3947,1,36404,0
3947,2,36403,0
3947,3,36400,1
3947,4,36407,1
3947,5,36406,0
3947,6,36398,0
3947,7,36405,0
3947,8,36399,0
3947,9,36401,0
3947,10,36402,0
3951,1,36437,0
3951,2,36438,0
3951,3,36436,0
3951,4,36435,0
3951,5,36441,0
3951,6,36439,0
3951,7,36440,0
3959,1,36515,0
3959,2,36517,0
3959,3,36516,0
3959,4,36513,0
3959,5,36514,0
3959,6,36518,0
3959,7,36512,0
3979,1,36695,1
3979,2,36692,0
3979,3,36689,0
3979,4,36696,0
3979,5,36688,0
3979,6,36697,0
3979,7,36693,0
3979,8,36690,1
3979,9,36691,0
3979,10,36694,0
3986,1,36756,0
3986,2,36760,0
3986,3,36755,0
3986,4,36754,1
3986,5,36759,1
3986,6,36752,0
3986,7,36757,0
3986,8,36758,0
3986,9,36761,0
3986,10,36753,0
3988,1,36780,1
3988,2,36776,0
3988,3,36779,0
3988,4,36778,0
3988,5,36777,0
3988,6,36775,1
3988,7,36773,0
3988,8,36772,0
3988,9,36774,0
3988,10,36781,0
