query_id,session_day,template_id,organic_count
0,4,grid_two_col,10
1,5,grid_two_col,10
2,5,grid_two_col,10
3,1,list_v4,10
4,5,list_v4,10
5,5,list_v4,10
6,6,grid_two_col,10
7,4,grid_two_col,10
8,3,feature_stack,7
9,3,grid_two_col,10
10,6,feature_stack,7
11,4,grid_two_col,10
12,8,feature_stack,7
13,2,grid_two_col,10
14,4,list_v4,10
15,1,grid_two_col,10
16,5,list_v4,10
17,3,feature_stack,7
18,9,grid_two_col,10
19,5,list_v4,10
20,5,grid_two_col,10
21,10,list_v4,10
22,6,list_v4,10
23,2,list_v4,10
24,5,feature_stack,7
25,10,list_v4,10
26,3,feature_stack,7
27,5,list_v4,10
28,8,grid_two_col,10
29,2,feature_stack,7
30,2,feature_stack,7
31,5,list_v4,10
32,10,list_v4,10
33,6,grid_two_col,10
34,10,list_v4,10
35,2,feature_stack,7
36,8,list_v4,10
37,6,grid_two_col,10
38,8,grid_two_col,10
39,5,grid_two_col,10
40,5,list_v4,10
41,5,grid_two_col,10
42,9,grid_two_col,10
43,1,list_v4,10
44,6,list_v4,10
45,7,grid_two_col,10
46,6,grid_two_col,10
47,3,list_v4,10
48,8,list_v4,10
49,4,feature_stack,7
50,10,feature_stack,7
51,2,grid_two_col,10
52,4,grid_two_col,10
53,4,list_v4,10
54,2,grid_two_col,10
55,4,list_v4,10
56,3,list_v4,10
57,1,grid_two_col,10
58,9,list_v4,10
59,6,grid_two_col,10
60,4,feature_stack,7
61,8,list_v4,10
62,4,list_v4,10
63,3,feature_stack,7
64,2,list_v4,10
65,6,list_v4,10
66,7,list_v4,10
67,7,list_v4,10
68,6,grid_two_col,10
69,10,list_v4,10
70,10,grid_two_col,10
71,6,list_v4,10
72,8,feature_stack,7
73,9,grid_two_col,10
74,9,feature_stack,7
75,8,grid_two_col,10
76,6,list_v4,10
77,7,feature_stack,7
78,2,list_v4,10
79,10,list_v4,10
80,1,list_v4,10
81,3,grid_two_col,10
82,3,grid_two_col,10
83,5,feature_stack,7
84,4,list_v4,10
85,8,grid_two_col,10
86,5,grid_two_col,10
87,8,list_v4,10
88,5,list_v4,10
89,4,feature_stack,7
90,5,list_v4,10
91,10,feature_stack,7
92,5,grid_two_col,10
93,1,feature_stack,7
94,2,list_v4,10
95,8,feature_stack,7
96,9,list_v4,10
97,5,grid_two_col,10
98,4,grid_two_col,10
99,4,grid_two_col,10
100,2,list_v4,10
101,5,list_v4,10
102,7,list_v4,10
103,7,list_v4,10
104,4,feature_stack,7
105,6,feature_stack,7
106,2,list_v4,10
107,4,list_v4,10
108,8,feature_stack,7
109,2,list_v4,10
110,1,grid_two_col,10
111,8,list_v4,10
112,2,grid_two_col,10
113,2,grid_two_col,10
114,7,feature_stack,7
115,1,list_v4,10
116,2,feature_stack,7
117,8,list_v4,10
118,2,list_v4,10
119,9,list_v4,10
120,3,grid_two_col,10
121,5,grid_two_col,10
122,8,list_v4,10
123,1,grid_two_col,10
124,7,list_v4,10
125,9,grid_two_col,10
126,2,list_v4,10
127,1,feature_stack,7
128,10,grid_two_col,10
129,2,list_v4,10
130,7,feature_stack,7
131,8,list_v4,10
132,10,feature_stack,7
133,5,list_v4,10
134,2,grid_two_col,10
135,10,list_v4,10
136,6,feature_stack,7
137,6,list_v4,10
138,4,grid_two_col,10
139,1,list_v4,10
140,9,feature_stack,7
141,9,grid_two_col,10
142,9,feature_stack,7
143,5,list_v4,10
144,2,grid_two_col,10
145,7,grid_two_col,10
146,8,feature_stack,7
147,9,grid_two_col,10
148,8,list_v4,10
149,5,list_v4,10
150,8,list_v4,10
151,5,feature_stack,7
152,7,feature_stack,7
153,8,grid_two_col,10
154,7,list_v4,10
155,1,grid_two_col,10
156,1,feature_stack,7
157,9,list_v4,10
158,7,grid_two_col,10
159,6,feature_stack,7
160,8,grid_two_col,10
161,7,feature_stack,7
162,9,list_v4,10
163,8,feature_stack,7
164,6,list_v4,10
165,7,list_v4,10
166,1,feature_stack,7
167,2,list_v4,10
168,2,feature_stack,7
169,2,list_v4,10
170,8,feature_stack,7
171,1,grid_two_col,10
172,1,feature_stack,7
173,8,list_v4,10
174,4,grid_two_col,10
175,8,grid_two_col,10
176,1,list_v4,10
177,9,list_v4,10
178,7,grid_two_col,10
179,10,list_v4,10
180,4,grid_two_col,10
181,8,grid_two_col,10
182,10,list_v4,10
183,2,list_v4,10
184,8,list_v4,10
185,7,grid_two_col,10
186,2,grid_two_col,10
187,4,grid_two_col,10
188,1,feature_stack,7
189,10,list_v4,10
190,8,list_v4,10
191,3,feature_stack,7
192,4,feature_stack,7
193,8,list_v4,10
194,4,grid_two_col,10
195,1,list_v4,10
196,6,list_v4,10
197,6,list_v4,10
198,1,feature_stack,7
199,10,grid_two_col,10
200,9,list_v4,10
201,4,list_v4,10
202,5,list_v4,10
203,4,grid_two_col,10
204,5,list_v4,10
205,4,grid_two_col,10
206,5,list_v4,10
207,6,list_v4,10
208,10,grid_two_col,10
209,6,list_v4,10
210,1,feature_stack,7
211,1,feature_stack,7
212,10,grid_two_col,10
213,4,list_v4,10
214,5,grid_two_col,10
215,8,grid_two_col,10
216,7,grid_two_col,10
217,3,grid_two_col,10
218,1,feature_stack,7
219,8,feature_stack,7
220,5,feature_stack,7
221,2,feature_stack,7
222,10,grid_two_col,10
223,1,list_v4,10
224,7,list_v4,10
225,10,grid_two_col,10
226,6,list_v4,10
227,2,grid_two_col,10
228,6,grid_two_col,10
229,10,grid_two_col,10
230,7,feature_stack,7
231,5,list_v4,10
232,1,feature_stack,7
233,9,list_v4,10
234,9,grid_two_col,10
235,7,grid_two_col,10
236,9,list_v4,10
237,4,list_v4,10
238,6,list_v4,10
239,4,grid_two_col,10
240,8,feature_stack,7
241,5,feature_stack,7
242,6,list_v4,10
243,9,feature_stack,7
244,6,grid_two_col,10
245,6,feature_stack,7
246,3,grid_two_col,10
247,3,grid_two_col,10
248,10,list_v4,10
249,10,list_v4,10
250,3,list_v4,10
251,1,list_v4,10
252,1,grid_two_col,10
253,9,grid_two_col,10
254,5,feature_stack,7
255,9,list_v4,10
256,10,list_v4,10
257,1,list_v4,10
258,9,list_v4,10
259,3,feature_stack,7
260,6,list_v4,10
261,10,list_v4,10
262,3,feature_stack,7
263,4,list_v4,10
264,7,feature_stack,7
265,9,grid_two_col,10
266,8,list_v4,10
267,10,list_v4,10
268,6,grid_two_col,10
269,4,list_v4,10
270,8,list_v4,10
271,9,feature_stack,7
272,7,list_v4,10
273,8,list_v4,10
274,9,list_v4,10
275,9,list_v4,10
276,1,feature_stack,7
277,5,grid_two_col,10
278,10,feature_stack,7
279,1,list_v4,10
280,3,list_v4,10
281,4,feature_stack,7
282,2,list_v4,10
283,7,feature_stack,7
284,7,feature_stack,7
285,6,grid_two_col,10
286,1,feature_stack,7
287,10,list_v4,10
288,2,list_v4,10
289,7,list_v4,10
290,5,grid_two_col,10
291,6,feature_stack,7
292,1,list_v4,10
293,9,list_v4,10
294,1,grid_two_col,10
295,7,grid_two_col,10
296,7,list_v4,10
297,4,list_v4,10
298,6,grid_two_col,10
299,3,list_v4,10
300,9,grid_two_col,10
301,4,feature_stack,7
302,10,feature_stack,7
303,3,list_v4,10
304,7,feature_stack,7
305,7,grid_two_col,10
306,9,list_v4,10
307,2,list_v4,10
308,3,grid_two_col,10
309,8,feature_stack,7
310,2,list_v4,10
311,6,grid_two_col,10
312,1,feature_stack,7
313,3,list_v4,10
314,4,grid_two_col,10
315,5,feature_stack,7
316,10,feature_stack,7
317,8,grid_two_col,10
318,1,grid_two_col,10
319,9,feature_stack,7
320,3,grid_two_col,10
321,2,grid_two_col,10
322,5,feature_stack,7
323,7,feature_stack,7
324,3,feature_stack,7
325,7,feature_stack,7
326,5,list_v4,10
327,3,feature_stack,7
328,2,list_v4,10
329,1,list_v4,10
330,5,list_v4,10
331,8,grid_two_col,10
332,8,grid_two_col,10
333,3,grid_two_col,10
334,3,list_v4,10
335,7,grid_two_col,10
336,3,grid_two_col,10
337,3,feature_stack,7
338,1,list_v4,10
339,3,feature_stack,7
340,2,list_v4,10
341,4,feature_stack,7
342,3,list_v4,10
343,9,feature_stack,7
344,7,list_v4,10
345,8,grid_two_col,10
346,3,grid_two_col,10
347,10,grid_two_col,10
348,10,list_v4,10
349,9,list_v4,10
350,9,feature_stack,7
351,10,grid_two_col,10
352,2,feature_stack,7
353,2,list_v4,10
354,7,feature_stack,7
355,8,feature_stack,7
356,8,list_v4,10
357,6,list_v4,10
358,3,list_v4,10
359,2,grid_two_col,10
360,7,list_v4,10
361,6,grid_two_col,10
362,1,feature_stack,7
363,10,grid_two_col,10
364,5,feature_stack,7
365,3,list_v4,10
366,7,list_v4,10
367,8,list_v4,10
368,6,list_v4,10
369,10,feature_stack,7
370,7,feature_stack,7
371,5,grid_two_col,10
372,7,grid_two_col,10
373,4,list_v4,10
374,2,grid_two_col,10
375,10,feature_stack,7
376,10,list_v4,10
377,3,list_v4,10
378,3,list_v4,10
379,7,list_v4,10
380,4,grid_two_col,10
381,6,grid_two_col,10
382,6,list_v4,10
383,3,feature_stack,7
384,10,list_v4,10
385,7,list_v4,10
386,9,list_v4,10
387,7,grid_two_col,10
388,2,list_v4,10
389,2,grid_two_col,10
390,5,list_v4,10
391,5,grid_two_col,10
392,3,list_v4,10
393,6,list_v4,10
394,2,grid_two_col,10
395,1,list_v4,10
396,6,feature_stack,7
397,2,list_v4,10
398,3,list_v4,10
399,8,feature_stack,7
400,2,grid_two_col,10
401,8,list_v4,10
402,8,grid_two_col,10
403,1,feature_stack,7
404,4,list_v4,10
405,6,list_v4,10
406,5,grid_two_col,10
407,4,grid_two_col,10
408,7,feature_stack,7
409,7,feature_stack,7
410,4,list_v4,10
411,7,list_v4,10
412,4,list_v4,10
413,2,list_v4,10
414,6,feature_stack,7
415,1,grid_two_col,10
416,5,list_v4,10
417,9,list_v4,10
418,9,feature_stack,7
419,9,grid_two_col,10
420,8,list_v4,10
421,5,list_v4,10
422,9,list_v4,10
423,2,feature_stack,7
424,1,grid_two_col,10
425,1,list_v4,10
426,8,feature_stack,7
427,8,list_v4,10
428,2,list_v4,10
429,1,list_v4,10
430,9,list_v4,10
431,5,list_v4,10
432,8,grid_two_col,10
433,9,list_v4,10
434,7,grid_two_col,10
435,9,grid_two_col,10
436,1,list_v4,10
437,1,list_v4,10
438,9,list_v4,10
439,4,list_v4,10
440,3,list_v4,10
441,7,list_v4,10
442,6,list_v4,10
443,7,list_v4,10
444,3,list_v4,10
445,9,feature_stack,7
446,9,feature_stack,7
447,1,list_v4,10
448,4,list_v4,10
449,10,list_v4,10
450,2,list_v4,10
451,2,list_v4,10
452,3,feature_stack,7
453,3,grid_two_col,10
454,9,feature_stack,7
455,7,list_v4,10
456,5,list_v4,10
457,7,grid_two_col,10
458,8,list_v4,10
459,6,list_v4,10
460,4,feature_stack,7
461,3,grid_two_col,10
462,3,list_v4,10
463,8,feature_stack,7
464,8,grid_two_col,10
465,8,list_v4,10
466,8,grid_two_col,10
467,6,grid_two_col,10
468,7,grid_two_col,10
469,5,feature_stack,7
470,4,list_v4,10
471,3,list_v4,10
472,7,list_v4,10
473,3,list_v4,10
474,9,list_v4,10
475,8,list_v4,10
476,6,list_v4,10
477,10,grid_two_col,10
478,7,grid_two_col,10
479,9,list_v4,10
480,7,feature_stack,7
481,10,list_v4,10
482,9,grid_two_col,10
483,1,list_v4,10
484,3,list_v4,10
485,7,feature_stack,7
486,2,grid_two_col,10
487,4,list_v4,10
488,5,list_v4,10
489,6,list_v4,10
490,1,list_v4,10
491,7,list_v4,10
492,6,list_v4,10
493,4,list_v4,10
494,3,list_v4,10
495,9,grid_two_col,10
496,2,list_v4,10
497,2,grid_two_col,10
498,6,list_v4,10
499,7,list_v4,10
500,6,grid_two_col,10
501,4,list_v4,10
502,10,list_v4,10
503,4,list_v4,10
504,7,list_v4,10
505,2,grid_two_col,10
506,7,feature_stack,7
507,7,list_v4,10
508,4,feature_stack,7
509,5,grid_two_col,10
510,8,feature_stack,7
511,10,grid_two_col,10
512,8,feature_stack,7
513,6,list_v4,10
514,2,grid_two_col,10
515,3,list_v4,10
516,4,grid_two_col,10
517,3,grid_two_col,10
518,2,list_v4,10
519,2,feature_stack,7
520,4,feature_stack,7
521,5,grid_two_col,10
522,1,list_v4,10
523,5,list_v4,10
524,4,list_v4,10
525,5,grid_two_col,10
526,8,feature_stack,7
527,5,feature_stack,7
528,8,list_v4,10
529,1,feature_stack,7
530,8,grid_two_col,10
531,10,list_v4,10
532,6,list_v4,10
533,3,list_v4,10
534,8,list_v4,10
535,2,feature_stack,7
536,10,feature_stack,7
537,10,list_v4,10
538,5,grid_two_col,10
539,3,feature_stack,7
540,2,list_v4,10
541,3,list_v4,10
542,1,list_v4,10
543,3,list_v4,10
544,8,grid_two_col,10
545,2,feature_stack,7
546,1,grid_two_col,10
547,1,list_v4,10
548,2,grid_two_col,10
549,2,list_v4,10
550,4,grid_two_col,10
551,5,feature_stack,7
552,7,grid_two_col,10
553,8,grid_two_col,10
554,3,feature_stack,7
555,7,list_v4,10
556,2,list_v4,10
557,1,feature_stack,7
558,4,grid_two_col,10
559,7,list_v4,10
560,5,feature_stack,7
561,8,feature_stack,7
562,1,list_v4,10
563,7,list_v4,10
564,8,list_v4,10
565,6,feature_stack,7
566,2,feature_stack,7
567,1,list_v4,10
568,4,grid_two_col,10
569,10,list_v4,10
570,9,feature_stack,7
571,9,grid_two_col,10
572,9,list_v4,10
573,4,grid_two_col,10
574,6,grid_two_col,10
575,10,list_v4,10
576,10,list_v4,10
577,4,grid_two_col,10
578,7,list_v4,10
579,8,list_v4,10
580,8,list_v4,10
581,3,feature_stack,7
582,7,feature_stack,7
583,7,list_v4,10
584,7,list_v4,10
585,2,list_v4,10
586,10,grid_two_col,10
587,3,feature_stack,7
588,9,feature_stack,7
589,7,grid_two_col,10
590,9,grid_two_col,10
591,10,feature_stack,7
592,4,list_v4,10
593,6,grid_two_col,10
594,3,feature_stack,7
595,2,list_v4,10
596,8,list_v4,10
597,10,grid_two_col,10
598,4,list_v4,10
599,3,list_v4,10
600,7,list_v4,10
601,8,list_v4,10
602,4,list_v4,10
603,10,list_v4,10
604,8,feature_stack,7
605,8,grid_two_col,10
606,2,grid_two_col,10
607,3,list_v4,10
608,6,grid_two_col,10
609,6,list_v4,10
610,8,feature_stack,7
611,8,list_v4,10
612,3,feature_stack,7
613,5,list_v4,10
614,3,grid_two_col,10
615,1,feature_stack,7
616,10,grid_two_col,10
617,4,feature_stack,7
618,3,feature_stack,7
619,6,list_v4,10
620,5,list_v4,10
621,6,grid_two_col,10
622,5,list_v4,10
623,10,list_v4,10
624,2,list_v4,10
625,8,list_v4,10
626,8,feature_stack,7
627,4,feature_stack,7
628,6,list_v4,10
629,7,list_v4,10
630,2,feature_stack,7
631,6,grid_two_col,10
632,7,list_v4,10
633,7,feature_stack,7
634,7,feature_stack,7
635,1,feature_stack,7
636,5,feature_stack,7
637,4,grid_two_col,10
638,3,grid_two_col,10
639,6,grid_two_col,10
640,3,feature_stack,7
641,3,list_v4,10
642,9,list_v4,10
643,5,feature_stack,7
644,3,list_v4,10
645,1,feature_stack,7
646,9,grid_two_col,10
647,2,list_v4,10
648,3,list_v4,10
649,7,feature_stack,7
650,5,feature_stack,7
651,3,grid_two_col,10
652,8,list_v4,10
653,7,feature_stack,7
654,10,feature_stack,7
655,10,list_v4,10
656,3,list_v4,10
657,2,list_v4,10
658,6,list_v4,10
659,9,grid_two_col,10
660,5,grid_two_col,10
661,9,grid_two_col,10
662,5,list_v4,10
663,10,feature_stack,7
664,2,list_v4,10
665,1,list_v4,10
666,3,list_v4,10
667,1,grid_two_col,10
668,9,grid_two_col,10
669,7,list_v4,10
670,2,grid_two_col,10
671,8,feature_stack,7
672,8,list_v4,10
673,5,list_v4,10
674,2,list_v4,10
675,5,list_v4,10
676,4,grid_two_col,10
677,7,list_v4,10
678,10,grid_two_col,10
679,9,list_v4,10
680,3,list_v4,10
681,7,list_v4,10
682,3,list_v4,10
683,5,feature_stack,7
684,2,feature_stack,7
685,7,feature_stack,7
686,4,list_v4,10
687,10,grid_two_col,10
688,7,list_v4,10
689,9,list_v4,10
690,5,list_v4,10
691,1,feature_stack,7
692,4,grid_two_col,10
693,9,grid_two_col,10
694,3,grid_two_col,10
695,7,feature_stack,7
696,5,list_v4,10
697,10,grid_two_col,10
698,2,list_v4,10
699,3,list_v4,10
700,4,list_v4,10
701,1,list_v4,10
702,7,grid_two_col,10
703,7,list_v4,10
704,3,list_v4,10
705,4,grid_two_col,10
706,3,list_v4,10
707,9,list_v4,10
708,2,feature_stack,7
709,1,list_v4,10
710,8,grid_two_col,10
711,9,grid_two_col,10
712,2,grid_two_col,10
713,4,list_v4,10
714,1,grid_two_col,10
715,1,grid_two_col,10
716,9,list_v4,10
717,1,list_v4,10
718,1,list_v4,10
719,6,grid_two_col,10
720,9,list_v4,10
721,2,list_v4,10
722,1,list_v4,10
723,9,list_v4,10
724,2,list_v4,10
725,8,list_v4,10
726,8,grid_two_col,10
727,5,grid_two_col,10
728,4,list_v4,10
729,2,list_v4,10
730,10,list_v4,10
731,7,list_v4,10
732,9,list_v4,10
733,3,feature_stack,7
734,5,list_v4,10
735,6,feature_stack,7
736,8,feature_stack,7
737,7,list_v4,10
738,7,list_v4,10
739,1,list_v4,10
740,5,feature_stack,7
741,1,grid_two_col,10
742,6,grid_two_col,10
743,4,list_v4,10
744,1,grid_two_col,10
745,7,feature_stack,7
746,9,list_v4,10
747,2,feature_stack,7
748,3,list_v4,10
749,5,list_v4,10
750,1,list_v4,10
751,2,list_v4,10
752,7,list_v4,10
753,5,feature_stack,7
754,8,feature_stack,7
755,8,feature_stack,7
756,4,feature_stack,7
757,5,grid_two_col,10
758,9,list_v4,10
759,10,feature_stack,7
760,10,feature_stack,7
761,6,list_v4,10
762,5,grid_two_col,10
763,2,grid_two_col,10
764,2,feature_stack,7
765,1,feature_stack,7
766,4,feature_stack,7
767,3,grid_two_col,10
768,4,feature_stack,7
769,10,feature_stack,7
770,4,list_v4,10
771,4,list_v4,10
772,3,feature_stack,7
773,6,grid_two_col,10
774,10,grid_two_col,10
775,9,feature_stack,7
776,7,grid_two_col,10
777,5,grid_two_col,10
778,5,feature_stack,7
779,1,list_v4,10
780,1,list_v4,10
781,6,list_v4,10
782,2,list_v4,10
783,7,list_v4,10
784,7,list_v4,10
785,8,list_v4,10
786,4,grid_two_col,10
787,1,grid_two_col,10
788,9,list_v4,10
789,9,feature_stack,7
790,3,feature_stack,7
791,4,grid_two_col,10
792,4,list_v4,10
793,6,grid_two_col,10
794,9,list_v4,10
795,5,feature_stack,7
796,2,feature_stack,7
797,10,list_v4,10
798,7,list_v4,10
799,4,list_v4,10
800,5,list_v4,10
801,10,feature_stack,7
802,10,list_v4,10
803,2,list_v4,10
804,9,grid_two_col,10
805,8,list_v4,10
806,8,grid_two_col,10
807,2,list_v4,10
808,10,grid_two_col,10
809,4,list_v4,10
810,9,grid_two_col,10
811,2,grid_two_col,10
812,6,list_v4,10
813,9,feature_stack,7
814,5,grid_two_col,10
815,2,grid_two_col,10
816,4,feature_stack,7
817,6,list_v4,10
818,2,list_v4,10
819,5,list_v4,10
820,4,feature_stack,7
821,6,grid_two_col,10
822,1,feature_stack,7
823,2,list_v4,10
824,5,grid_two_col,10
825,4,list_v4,10
826,4,feature_stack,7
827,4,list_v4,10
828,5,list_v4,10
829,4,grid_two_col,10
830,3,grid_two_col,10
831,2,feature_stack,7
832,9,list_v4,10
833,3,list_v4,10
834,7,grid_two_col,10
835,4,list_v4,10
836,10,list_v4,10
837,9,grid_two_col,10
838,4,list_v4,10
839,3,feature_stack,7
840,4,grid_two_col,10
841,8,feature_stack,7
842,8,list_v4,10
843,8,list_v4,10
844,3,feature_stack,7
845,10,feature_stack,7
846,1,list_v4,10
847,5,list_v4,10
848,6,list_v4,10
849,5,list_v4,10
850,1,grid_two_col,10
851,10,feature_stack,7
852,9,feature_stack,7
853,5,list_v4,10
854,1,grid_two_col,10
855,2,feature_stack,7
856,1,list_v4,10
857,8,feature_stack,7
858,3,list_v4,10
859,5,feature_stack,7
860,6,feature_stack,7
861,2,grid_two_col,10
862,3,grid_two_col,10
863,8,feature_stack,7
864,2,list_v4,10
865,9,feature_stack,7
866,3,grid_two_col,10
867,3,list_v4,10
868,2,feature_stack,7
869,4,list_v4,10
870,10,list_v4,10
871,2,list_v4,10
872,8,list_v4,10
873,4,feature_stack,7
874,8,list_v4,10
875,2,feature_stack,7
876,4,grid_two_col,10
877,2,grid_two_col,10
878,10,list_v4,10
879,3,grid_two_col,10
880,7,grid_two_col,10
881,9,feature_stack,7
882,1,grid_two_col,10
883,2,list_v4,10
884,3,grid_two_col,10
885,1,list_v4,10
886,3,list_v4,10
887,10,list_v4,10
888,5,grid_two_col,10
889,4,feature_stack,7
890,4,grid_two_col,10
891,8,list_v4,10
892,1,grid_two_col,10
893,6,list_v4,10
894,9,grid_two_col,10
895,7,grid_two_col,10
896,8,grid_two_col,10
897,10,list_v4,10
898,4,list_v4,10
899,7,grid_two_col,10
900,4,list_v4,10
901,2,feature_stack,7
902,10,list_v4,10
903,1,feature_stack,7
904,9,list_v4,10
905,2,grid_two_col,10
906,2,list_v4,10
907,1,grid_two_col,10
908,4,list_v4,10
909,10,grid_two_col,10
910,5,feature_stack,7
911,9,list_v4,10
912,6,list_v4,10
913,6,grid_two_col,10
914,4,list_v4,10
915,6,list_v4,10
916,3,grid_two_col,10
917,3,feature_stack,7
918,4,list_v4,10
919,4,list_v4,10
920,7,grid_two_col,10
921,4,list_v4,10
922,5,list_v4,10
923,9,list_v4,10
924,10,list_v4,10
925,5,feature_stack,7
926,3,list_v4,10
927,1,list_v4,10
928,6,feature_stack,7
929,3,list_v4,10
930,1,grid_two_col,10
931,9,feature_stack,7
932,2,feature_stack,7
933,3,list_v4,10
934,5,feature_stack,7
935,10,list_v4,10
936,7,list_v4,10
937,8,grid_two_col,10
938,2,list_v4,10
939,10,grid_two_col,10
940,1,list_v4,10
941,4,feature_stack,7
942,3,grid_two_col,10
943,10,list_v4,10
944,1,list_v4,10
945,7,list_v4,10
946,10,grid_two_col,10
947,1,grid_two_col,10
948,6,grid_two_col,10
949,5,list_v4,10
950,1,grid_two_col,10
951,8,grid_two_col,10
952,8,list_v4,10
953,8,list_v4,10
954,10,list_v4,10
955,9,list_v4,10
956,6,list_v4,10
957,6,grid_two_col,10
958,3,feature_stack,7
959,9,list_v4,10
960,10,list_v4,10
961,9,feature_stack,7
962,6,list_v4,10
963,2,grid_two_col,10
964,5,list_v4,10
965,9,list_v4,10
966,5,grid_two_col,10
967,9,list_v4,10
968,9,list_v4,10
969,5,list_v4,10
970,1,grid_two_col,10
971,5,list_v4,10
972,2,feature_stack,7
973,7,grid_two_col,10
974,2,feature_stack,7
975,1,grid_two_col,10
976,7,list_v4,10
977,5,list_v4,10
978,6,list_v4,10
979,1,grid_two_col,10
980,1,list_v4,10
981,9,grid_two_col,10
982,5,list_v4,10
983,2,feature_stack,7
984,5,list_v4,10
985,1,list_v4,10
986,6,grid_two_col,10
987,10,grid_two_col,10
988,8,list_v4,10
989,5,grid_two_col,10
990,10,list_v4,10
991,7,grid_two_col,10
992,3,list_v4,10
993,1,list_v4,10
994,10,grid_two_col,10
995,9,feature_stack,7
996,8,feature_stack,7
997,2,list_v4,10
998,8,feature_stack,7
999,7,list_v4,10
1000,10,list_v4,10
1001,6,list_v4,10
1002,6,list_v4,10
1003,1,grid_two_col,10
1004,8,grid_two_col,10
1005,3,list_v4,10
1006,5,list_v4,10
1007,1,list_v4,10
1008,5,feature_stack,7
1009,2,grid_two_col,10
1010,3,grid_two_col,10
1011,7,list_v4,10
1012,5,feature_stack,7
1013,5,grid_two_col,10
1014,3,feature_stack,7
1015,7,grid_two_col,10
1016,6,feature_stack,7
1017,1,feature_stack,7
1018,8,grid_two_col,10
1019,1,feature_stack,7
1020,6,list_v4,10
1021,2,feature_stack,7
1022,5,feature_stack,7
1023,1,feature_stack,7
1024,6,grid_two_col,10
1025,1,grid_two_col,10
1026,8,grid_two_col,10
1027,3,list_v4,10
1028,10,feature_stack,7
1029,4,list_v4,10
1030,4,list_v4,10
1031,5,feature_stack,7
1032,8,grid_two_col,10
1033,10,feature_stack,7
1034,8,list_v4,10
1035,2,list_v4,10
1036,10,feature_stack,7
1037,8,feature_stack,7
1038,10,feature_stack,7
1039,6,list_v4,10
1040,8,list_v4,10
1041,4,feature_stack,7
1042,2,list_v4,10
1043,7,feature_stack,7
1044,9,list_v4,10
1045,1,list_v4,10
1046,6,grid_two_col,10
1047,8,feature_stack,7
1048,10,list_v4,10
1049,3,feature_stack,7
1050,4,grid_two_col,10
1051,4,feature_stack,7
1052,6,feature_stack,7
1053,3,grid_two_col,10
1054,7,list_v4,10
1055,1,grid_two_col,10
1056,9,grid_two_col,10
1057,2,grid_two_col,10
1058,8,list_v4,10
1059,2,list_v4,10
1060,10,list_v4,10
1061,8,list_v4,10
1062,4,list_v4,10
1063,9,list_v4,10
1064,9,list_v4,10
1065,2,list_v4,10
1066,6,feature_stack,7
1067,3,grid_two_col,10
1068,10,list_v4,10
1069,3,list_v4,10
1070,10,grid_two_col,10
1071,2,grid_two_col,10
1072,6,grid_two_col,10
1073,10,grid_two_col,10
1074,1,feature_stack,7
1075,9,feature_stack,7
1076,6,list_v4,10
1077,1,list_v4,10
1078,9,list_v4,10
1079,2,grid_two_col,10
1080,3,list_v4,10
1081,5,feature_stack,7
1082,5,grid_two_col,10
1083,3,grid_two_col,10
1084,6,feature_stack,7
1085,1,list_v4,10
1086,1,list_v4,10
1087,7,grid_two_col,10
1088,1,feature_stack,7
1089,3,list_v4,10
1090,9,feature_stack,7
1091,5,list_v4,10
1092,6,list_v4,10
1093,8,list_v4,10
1094,10,feature_stack,7
1095,9,feature_stack,7
1096,9,list_v4,10
1097,10,grid_two_col,10
1098,10,feature_stack,7
1099,2,grid_two_col,10
1100,4,grid_two_col,10
1101,4,list_v4,10
1102,1,feature_stack,7
1103,9,grid_two_col,10
1104,3,grid_two_col,10
1105,8,feature_stack,7
1106,5,feature_stack,7
1107,2,list_v4,10
1108,4,list_v4,10
1109,2,list_v4,10
1110,7,list_v4,10
1111,2,grid_two_col,10
1112,10,list_v4,10
1113,4,list_v4,10
1114,5,list_v4,10
1115,5,feature_stack,7
1116,6,feature_stack,7
1117,8,list_v4,10
1118,10,list_v4,10
1119,6,list_v4,10
1120,9,list_v4,10
1121,7,list_v4,10
1122,1,feature_stack,7
1123,4,list_v4,10
1124,5,list_v4,10
1125,4,list_v4,10
1126,4,list_v4,10
1127,10,feature_stack,7
1128,9,grid_two_col,10
1129,4,list_v4,10
1130,7,grid_two_col,10
1131,1,list_v4,10
1132,7,list_v4,10
1133,1,grid_two_col,10
1134,10,list_v4,10
1135,6,grid_two_col,10
1136,10,list_v4,10
1137,7,feature_stack,7
1138,3,list_v4,10
1139,10,list_v4,10
1140,1,grid_two_col,10
1141,6,list_v4,10
1142,7,feature_stack,7
1143,9,list_v4,10
1144,10,grid_two_col,10
1145,10,feature_stack,7
1146,5,grid_two_col,10
1147,7,feature_stack,7
1148,5,grid_two_col,10
1149,4,feature_stack,7
1150,6,list_v4,10
1151,10,list_v4,10
1152,3,list_v4,10
1153,4,grid_two_col,10
1154,10,list_v4,10
1155,5,grid_two_col,10
1156,7,list_v4,10
1157,10,grid_two_col,10
1158,1,feature_stack,7
1159,7,grid_two_col,10
1160,9,list_v4,10
1161,10,grid_two_col,10
1162,10,list_v4,10
1163,7,grid_two_col,10
1164,10,list_v4,10
1165,1,grid_two_col,10
1166,2,list_v4,10
1167,9,grid_two_col,10
1168,8,list_v4,10
1169,7,feature_stack,7
1170,4,list_v4,10
1171,4,list_v4,10
1172,6,list_v4,10
1173,5,grid_two_col,10
1174,6,list_v4,10
1175,8,grid_two_col,10
1176,5,list_v4,10
1177,3,feature_stack,7
1178,9,feature_stack,7
1179,1,feature_stack,7
1180,2,grid_two_col,10
1181,6,grid_two_col,10
1182,7,feature_stack,7
1183,7,grid_two_col,10
1184,6,feature_stack,7
1185,3,list_v4,10
1186,3,list_v4,10
1187,6,list_v4,10
1188,1,grid_two_col,10
1189,9,feature_stack,7
1190,2,grid_two_col,10
1191,5,feature_stack,7
1192,9,grid_two_col,10
1193,3,list_v4,10
1194,3,grid_two_col,10
1195,3,list_v4,10
1196,1,feature_stack,7
1197,4,grid_two_col,10
1198,8,list_v4,10
1199,1,grid_two_col,10
1200,2,feature_stack,7
1201,7,grid_two_col,10
1202,9,list_v4,10
1203,3,list_v4,10
1204,9,grid_two_col,10
1205,2,list_v4,10
1206,7,grid_two_col,10
1207,5,feature_stack,7
1208,3,list_v4,10
1209,2,feature_stack,7
1210,4,grid_two_col,10
1211,6,feature_stack,7
1212,2,grid_two_col,10
1213,6,grid_two_col,10
1214,1,list_v4,10
1215,7,grid_two_col,10
1216,3,list_v4,10
1217,8,feature_stack,7
1218,5,grid_two_col,10
1219,10,list_v4,10
1220,8,list_v4,10
1221,10,feature_stack,7
1222,5,list_v4,10
1223,4,list_v4,10
1224,1,grid_two_col,10
1225,8,list_v4,10
1226,10,list_v4,10
1227,6,list_v4,10
1228,8,list_v4,10
1229,10,grid_two_col,10
1230,7,list_v4,10
1231,3,grid_two_col,10
1232,7,list_v4,10
1233,6,feature_stack,7
1234,1,grid_two_col,10
1235,3,list_v4,10
1236,2,grid_two_col,10
1237,7,grid_two_col,10
1238,6,list_v4,10
1239,2,feature_stack,7
1240,9,list_v4,10
1241,1,grid_two_col,10
1242,5,list_v4,10
1243,5,list_v4,10
1244,1,feature_stack,7
1245,1,list_v4,10
1246,9,list_v4,10
1247,10,grid_two_col,10
1248,1,list_v4,10
1249,9,grid_two_col,10
1250,5,grid_two_col,10
1251,8,feature_stack,7
1252,6,grid_two_col,10
1253,10,feature_stack,7
1254,6,feature_stack,7
1255,4,feature_stack,7
1256,8,list_v4,10
1257,6,list_v4,10
1258,3,feature_stack,7
1259,6,feature_stack,7
1260,3,feature_stack,7
1261,9,list_v4,10
1262,1,list_v4,10
1263,1,list_v4,10
1264,5,list_v4,10
1265,5,grid_two_col,10
1266,10,list_v4,10
1267,4,list_v4,10
1268,4,list_v4,10
1269,10,list_v4,10
1270,9,grid_two_col,10
1271,4,list_v4,10
1272,4,list_v4,10
1273,8,list_v4,10
1274,10,grid_two_col,10
1275,4,feature_stack,7
1276,4,list_v4,10
1277,9,feature_stack,7
1278,9,list_v4,10
1279,3,grid_two_col,10
1280,8,list_v4,10
1281,6,grid_two_col,10
1282,2,grid_two_col,10
1283,5,list_v4,10
1284,9,list_v4,10
1285,4,grid_two_col,10
1286,9,feature_stack,7
1287,7,feature_stack,7
1288,5,feature_stack,7
1289,1,list_v4,10
1290,2,grid_two_col,10
1291,2,feature_stack,7
1292,4,feature_stack,7
1293,10,feature_stack,7
1294,1,grid_two_col,10
1295,3,list_v4,10
1296,3,grid_two_col,10
1297,7,list_v4,10
1298,6,feature_stack,7
1299,10,feature_stack,7
1300,1,list_v4,10
1301,9,feature_stack,7
1302,3,grid_two_col,10
1303,2,list_v4,10
1304,3,feature_stack,7
1305,10,feature_stack,7
1306,10,grid_two_col,10
1307,7,feature_stack,7
1308,7,feature_stack,7
1309,6,list_v4,10
1310,2,grid_two_col,10
1311,8,list_v4,10
1312,4,feature_stack,7
1313,8,feature_stack,7
1314,10,grid_two_col,10
1315,9,list_v4,10
1316,4,feature_stack,7
1317,3,grid_two_col,10
1318,4,grid_two_col,10
1319,9,list_v4,10
1320,2,feature_stack,7
1321,10,grid_two_col,10
1322,9,feature_stack,7
1323,10,feature_stack,7
1324,9,list_v4,10
1325,1,list_v4,10
1326,10,grid_two_col,10
1327,10,list_v4,10
1328,2,feature_stack,7
1329,10,feature_stack,7
1330,9,grid_two_col,10
1331,7,grid_two_col,10
1332,9,grid_two_col,10
1333,7,list_v4,10
1334,3,list_v4,10
1335,5,list_v4,10
1336,10,feature_stack,7
1337,7,grid_two_col,10
1338,6,grid_two_col,10
1339,6,list_v4,10
1340,7,grid_two_col,10
1341,6,grid_two_col,10
1342,1,list_v4,10
1343,3,feature_stack,7
1344,6,feature_stack,7
1345,9,grid_two_col,10
1346,8,feature_stack,7
1347,2,list_v4,10
1348,1,list_v4,10
1349,9,grid_two_col,10
1350,4,list_v4,10
1351,10,grid_two_col,10
1352,9,list_v4,10
1353,1,list_v4,10
1354,9,feature_stack,7
1355,5,list_v4,10
1356,4,list_v4,10
1357,8,list_v4,10
1358,5,feature_stack,7
1359,4,grid_two_col,10
1360,6,list_v4,10
1361,3,list_v4,10
1362,9,grid_two_col,10
1363,7,grid_two_col,10
1364,9,grid_two_col,10
1365,7,grid_two_col,10
1366,3,grid_two_col,10
1367,3,grid_two_col,10
1368,5,feature_stack,7
1369,9,feature_stack,7
1370,8,list_v4,10
1371,9,list_v4,10
1372,1,feature_stack,7
1373,8,list_v4,10
1374,2,list_v4,10
1375,2,grid_two_col,10
1376,7,list_v4,10
1377,6,feature_stack,7
1378,3,grid_two_col,10
1379,8,list_v4,10
1380,9,feature_stack,7
1381,10,list_v4,10
1382,2,list_v4,10
1383,3,list_v4,10
1384,9,grid_two_col,10
1385,2,list_v4,10
1386,5,feature_stack,7
1387,2,list_v4,10
1388,10,list_v4,10
1389,4,list_v4,10
1390,8,grid_two_col,10
1391,9,feature_stack,7
1392,7,list_v4,10
1393,10,list_v4,10
1394,6,feature_stack,7
1395,2,grid_two_col,10
1396,2,feature_stack,7
1397,7,feature_stack,7
1398,1,grid_two_col,10
1399,9,grid_two_col,10
1400,1,feature_stack,7
1401,6,list_v4,10
1402,2,grid_two_col,10
1403,9,grid_two_col,10
1404,1,list_v4,10
1405,8,grid_two_col,10
1406,8,list_v4,10
1407,4,grid_two_col,10
1408,9,grid_two_col,10
1409,7,list_v4,10
1410,7,feature_stack,7
1411,3,list_v4,10
1412,6,list_v4,10
1413,8,grid_two_col,10
1414,8,feature_stack,7
1415,3,list_v4,10
1416,9,list_v4,10
1417,9,grid_two_col,10
1418,5,feature_stack,7
1419,1,grid_two_col,10
1420,2,feature_stack,7
1421,1,list_v4,10
1422,4,list_v4,10
1423,6,list_v4,10
1424,2,feature_stack,7
1425,3,list_v4,10
1426,8,list_v4,10
1427,1,feature_stack,7
1428,7,feature_stack,7
1429,9,grid_two_col,10
1430,6,feature_stack,7
1431,7,grid_two_col,10
1432,7,feature_stack,7
1433,5,feature_stack,7
1434,7,list_v4,10
1435,9,grid_two_col,10
1436,4,feature_stack,7
1437,8,feature_stack,7
1438,5,list_v4,10
1439,3,grid_two_col,10
1440,8,feature_stack,7
1441,3,grid_two_col,10
1442,2,feature_stack,7
1443,9,feature_stack,7
1444,2,grid_two_col,10
1445,8,list_v4,10
1446,2,grid_two_col,10
1447,3,grid_two_col,10
1448,1,list_v4,10
1449,6,grid_two_col,10
1450,1,list_v4,10
1451,1,grid_two_col,10
1452,10,feature_stack,7
1453,9,grid_two_col,10
1454,7,feature_stack,7
1455,1,list_v4,10
1456,1,grid_two_col,10
1457,8,list_v4,10
1458,9,grid_two_col,10
1459,1,list_v4,10
1460,2,grid_two_col,10
1461,3,grid_two_col,10
1462,6,list_v4,10
1463,1,feature_stack,7
1464,3,grid_two_col,10
1465,10,list_v4,10
1466,9,feature_stack,7
1467,8,feature_stack,7
1468,4,feature_stack,7
1469,3,grid_two_col,10
1470,7,list_v4,10
1471,7,grid_two_col,10
1472,10,feature_stack,7
1473,3,grid_two_col,10
1474,6,grid_two_col,10
1475,4,feature_stack,7
1476,1,grid_two_col,10
1477,8,feature_stack,7
1478,6,feature_stack,7
1479,5,list_v4,10
1480,6,grid_two_col,10
1481,1,list_v4,10
1482,4,feature_stack,7
1483,8,grid_two_col,10
1484,1,grid_two_col,10
1485,4,list_v4,10
1486,2,grid_two_col,10
1487,10,feature_stack,7
1488,3,grid_two_col,10
1489,6,list_v4,10
1490,3,list_v4,10
1491,10,list_v4,10
1492,8,feature_stack,7
1493,7,feature_stack,7
1494,7,feature_stack,7
1495,3,feature_stack,7
1496,7,list_v4,10
1497,3,grid_two_col,10
1498,8,list_v4,10
1499,2,list_v4,10
1500,5,list_v4,10
1501,10,feature_stack,7
1502,5,grid_two_col,10
1503,6,grid_two_col,10
1504,4,feature_stack,7
1505,8,list_v4,10
1506,3,grid_two_col,10
1507,2,feature_stack,7
1508,6,list_v4,10
1509,5,list_v4,10
1510,8,feature_stack,7
1511,6,feature_stack,7
1512,9,list_v4,10
1513,4,list_v4,10
1514,7,list_v4,10
1515,8,feature_stack,7
1516,1,grid_two_col,10
1517,10,list_v4,10
1518,2,feature_stack,7
1519,1,list_v4,10
1520,6,list_v4,10
1521,2,grid_two_col,10
1522,7,list_v4,10
1523,9,grid_two_col,10
1524,4,list_v4,10
1525,2,grid_two_col,10
1526,8,list_v4,10
1527,7,list_v4,10
1528,4,list_v4,10
1529,9,feature_stack,7
1530,3,grid_two_col,10
1531,7,list_v4,10
1532,1,feature_stack,7
1533,5,grid_two_col,10
1534,5,list_v4,10
1535,2,feature_stack,7
1536,4,list_v4,10
1537,1,grid_two_col,10
1538,6,list_v4,10
1539,1,list_v4,10
1540,7,feature_stack,7
1541,9,list_v4,10
1542,1,feature_stack,7
1543,7,list_v4,10
1544,5,list_v4,10
1545,7,grid_two_col,10
1546,10,list_v4,10
1547,10,grid_two_col,10
1548,4,list_v4,10
1549,6,feature_stack,7
1550,9,list_v4,10
1551,8,grid_two_col,10
1552,6,feature_stack,7
1553,7,list_v4,10
1554,3,feature_stack,7
1555,4,grid_two_col,10
1556,6,list_v4,10
1557,5,list_v4,10
1558,2,grid_two_col,10
1559,2,list_v4,10
1560,5,list_v4,10
1561,9,list_v4,10
1562,10,list_v4,10
1563,9,grid_two_col,10
1564,2,list_v4,10
1565,9,grid_two_col,10
1566,3,list_v4,10
1567,10,list_v4,10
1568,9,list_v4,10
1569,8,list_v4,10
1570,5,feature_stack,7
1571,8,list_v4,10
1572,10,list_v4,10
1573,9,feature_stack,7
1574,5,feature_stack,7
1575,7,list_v4,10
1576,1,feature_stack,7
1577,10,feature_stack,7
1578,1,grid_two_col,10
1579,1,list_v4,10
1580,4,list_v4,10
1581,8,list_v4,10
1582,4,feature_stack,7
1583,10,list_v4,10
1584,5,feature_stack,7
1585,4,grid_two_col,10
1586,10,feature_stack,7
1587,10,feature_stack,7
1588,3,grid_two_col,10
1589,5,feature_stack,7
1590,10,list_v4,10
1591,4,grid_two_col,10
1592,2,feature_stack,7
1593,2,list_v4,10
1594,7,grid_two_col,10
1595,2,feature_stack,7
1596,6,feature_stack,7
1597,8,feature_stack,7
1598,1,list_v4,10
1599,7,grid_two_col,10
1600,7,feature_stack,7
1601,7,list_v4,10
1602,10,grid_two_col,10
1603,2,list_v4,10
1604,7,list_v4,10
1605,8,list_v4,10
1606,9,feature_stack,7
1607,1,feature_stack,7
1608,1,feature_stack,7
1609,8,list_v4,10
1610,7,feature_stack,7
1611,8,feature_stack,7
1612,8,grid_two_col,10
1613,3,feature_stack,7
1614,8,grid_two_col,10
1615,4,list_v4,10
1616,6,feature_stack,7
1617,7,list_v4,10
1618,1,grid_two_col,10
1619,5,list_v4,10
1620,3,list_v4,10
1621,2,list_v4,10
1622,8,list_v4,10
1623,2,feature_stack,7
1624,2,list_v4,10
1625,5,list_v4,10
1626,9,feature_stack,7
1627,4,grid_two_col,10
1628,1,list_v4,10
1629,10,grid_two_col,10
1630,4,list_v4,10
1631,4,list_v4,10
1632,2,list_v4,10
1633,2,feature_stack,7
1634,7,feature_stack,7
1635,3,feature_stack,7
1636,9,grid_two_col,10
1637,2,grid_two_col,10
1638,2,list_v4,10
1639,7,grid_two_col,10
1640,6,feature_stack,7
1641,9,grid_two_col,10
1642,2,list_v4,10
1643,4,grid_two_col,10
1644,9,feature_stack,7
1645,5,list_v4,10
1646,8,grid_two_col,10
1647,3,grid_two_col,10
1648,9,list_v4,10
1649,2,list_v4,10
1650,8,feature_stack,7
1651,10,grid_two_col,10
1652,5,feature_stack,7
1653,2,feature_stack,7
1654,2,grid_two_col,10
1655,4,grid_two_col,10
1656,10,grid_two_col,10
1657,4,feature_stack,7
1658,5,list_v4,10
1659,5,list_v4,10
1660,10,feature_stack,7
1661,5,list_v4,10
1662,8,list_v4,10
1663,5,list_v4,10
1664,1,feature_stack,7
1665,4,list_v4,10
1666,6,list_v4,10
1667,8,list_v4,10
1668,1,feature_stack,7
1669,6,list_v4,10
1670,6,list_v4,10
1671,6,grid_two_col,10
1672,9,grid_two_col,10
1673,3,list_v4,10
1674,4,grid_two_col,10
1675,1,list_v4,10
1676,1,list_v4,10
1677,4,list_v4,10
1678,9,feature_stack,7
1679,7,grid_two_col,10
1680,10,grid_two_col,10
1681,1,grid_two_col,10
1682,5,grid_two_col,10
1683,8,list_v4,10
1684,3,list_v4,10
1685,4,list_v4,10
1686,10,feature_stack,7
1687,5,list_v4,10
1688,4,grid_two_col,10
1689,10,list_v4,10
1690,3,list_v4,10
1691,2,list_v4,10
1692,3,list_v4,10
1693,2,list_v4,10
1694,8,list_v4,10
1695,7,list_v4,10
1696,8,list_v4,10
1697,9,list_v4,10
1698,4,list_v4,10
1699,9,list_v4,10
1700,8,list_v4,10
1701,2,feature_stack,7
1702,9,list_v4,10
1703,6,list_v4,10
1704,2,feature_stack,7
1705,4,list_v4,10
1706,8,grid_two_col,10
1707,8,feature_stack,7
1708,7,list_v4,10
1709,1,list_v4,10
1710,2,list_v4,10
1711,6,feature_stack,7
1712,9,list_v4,10
1713,5,grid_two_col,10
1714,4,list_v4,10
1715,9,list_v4,10
1716,4,grid_two_col,10
1717,5,grid_two_col,10
1718,7,grid_two_col,10
1719,6,list_v4,10
1720,6,feature_stack,7
1721,9,list_v4,10
1722,4,list_v4,10
1723,7,list_v4,10
1724,9,list_v4,10
1725,5,list_v4,10
1726,9,feature_stack,7
1727,5,list_v4,10
1728,7,feature_stack,7
1729,3,feature_stack,7
1730,2,list_v4,10
1731,4,list_v4,10
1732,8,feature_stack,7
1733,9,list_v4,10
1734,6,list_v4,10
1735,8,feature_stack,7
1736,5,grid_two_col,10
1737,3,list_v4,10
1738,6,feature_stack,7
1739,6,grid_two_col,10
1740,9,list_v4,10
1741,2,list_v4,10
1742,9,grid_two_col,10
1743,6,list_v4,10
1744,3,list_v4,10
1745,3,list_v4,10
1746,1,grid_two_col,10
1747,7,feature_stack,7
1748,4,list_v4,10
1749,6,feature_stack,7
1750,8,feature_stack,7
1751,2,list_v4,10
1752,8,grid_two_col,10
1753,8,feature_stack,7
1754,3,grid_two_col,10
1755,4,grid_two_col,10
1756,2,feature_stack,7
1757,3,list_v4,10
1758,4,list_v4,10
1759,10,list_v4,10
1760,5,list_v4,10
1761,8,list_v4,10
1762,3,grid_two_col,10
1763,4,grid_two_col,10
1764,10,list_v4,10
1765,5,grid_two_col,10
1766,10,list_v4,10
1767,4,grid_two_col,10
1768,3,grid_two_col,10
1769,3,list_v4,10
1770,5,grid_two_col,10
1771,1,list_v4,10
1772,2,grid_two_col,10
1773,1,list_v4,10
1774,3,list_v4,10
1775,9,feature_stack,7
1776,1,list_v4,10
1777,9,feature_stack,7
1778,2,list_v4,10
1779,7,grid_two_col,10
1780,4,list_v4,10
1781,9,grid_two_col,10
1782,2,grid_two_col,10
1783,10,list_v4,10
1784,5,list_v4,10
1785,8,feature_stack,7
1786,4,list_v4,10
1787,10,list_v4,10
1788,6,list_v4,10
1789,1,list_v4,10
1790,9,feature_stack,7
1791,8,feature_stack,7
1792,6,feature_stack,7
1793,2,list_v4,10
1794,6,list_v4,10
1795,7,list_v4,10
1796,10,list_v4,10
1797,3,list_v4,10
1798,4,grid_two_col,10
1799,1,grid_two_col,10
1800,2,list_v4,10
1801,1,feature_stack,7
1802,4,list_v4,10
1803,8,list_v4,10
1804,6,grid_two_col,10
1805,1,grid_two_col,10
1806,4,grid_two_col,10
1807,2,feature_stack,7
1808,9,list_v4,10
1809,5,list_v4,10
1810,9,feature_stack,7
1811,2,grid_two_col,10
1812,6,feature_stack,7
1813,1,grid_two_col,10
1814,8,list_v4,10
1815,4,list_v4,10
1816,7,grid_two_col,10
1817,8,grid_two_col,10
1818,10,grid_two_col,10
1819,2,list_v4,10
1820,1,feature_stack,7
1821,10,list_v4,10
1822,9,list_v4,10
1823,3,grid_two_col,10
1824,1,feature_stack,7
1825,6,feature_stack,7
1826,10,grid_two_col,10
1827,10,grid_two_col,10
1828,7,list_v4,10
1829,10,grid_two_col,10
1830,1,list_v4,10
1831,6,list_v4,10
1832,6,grid_two_col,10
1833,10,list_v4,10
1834,1,list_v4,10
1835,10,grid_two_col,10
1836,6,feature_stack,7
1837,8,grid_two_col,10
1838,9,list_v4,10
1839,5,list_v4,10
1840,5,grid_two_col,10
1841,8,grid_two_col,10
1842,10,grid_two_col,10
1843,6,feature_stack,7
1844,4,list_v4,10
1845,10,list_v4,10
1846,9,feature_stack,7
1847,3,feature_stack,7
1848,3,list_v4,10
1849,7,grid_two_col,10
1850,5,list_v4,10
1851,7,feature_stack,7
1852,1,list_v4,10
1853,9,list_v4,10
1854,2,feature_stack,7
1855,6,list_v4,10
1856,7,list_v4,10
1857,5,list_v4,10
1858,6,grid_two_col,10
1859,2,feature_stack,7
1860,6,grid_two_col,10
1861,10,list_v4,10
1862,10,list_v4,10
1863,2,list_v4,10
1864,9,grid_two_col,10
1865,6,feature_stack,7
1866,6,list_v4,10
1867,6,list_v4,10
1868,1,list_v4,10
1869,8,grid_two_col,10
1870,8,list_v4,10
1871,7,list_v4,10
1872,3,list_v4,10
1873,5,list_v4,10
1874,10,grid_two_col,10
1875,4,grid_two_col,10
1876,2,list_v4,10
1877,4,feature_stack,7
1878,2,list_v4,10
1879,4,list_v4,10
1880,5,grid_two_col,10
1881,6,list_v4,10
1882,8,feature_stack,7
1883,8,list_v4,10
1884,5,grid_two_col,10
1885,3,grid_two_col,10
1886,7,feature_stack,7
1887,5,feature_stack,7
1888,4,grid_two_col,10
1889,3,grid_two_col,10
1890,5,grid_two_col,10
1891,10,feature_stack,7
1892,9,list_v4,10
1893,3,list_v4,10
1894,2,list_v4,10
1895,10,grid_two_col,10
1896,8,feature_stack,7
1897,6,grid_two_col,10
1898,4,grid_two_col,10
1899,5,list_v4,10
1900,10,grid_two_col,10
1901,2,feature_stack,7
1902,10,grid_two_col,10
1903,7,feature_stack,7
1904,10,list_v4,10
1905,5,list_v4,10
1906,6,feature_stack,7
1907,4,feature_stack,7
1908,1,list_v4,10
1909,10,list_v4,10
1910,7,feature_stack,7
1911,8,grid_two_col,10
1912,5,grid_two_col,10
1913,7,feature_stack,7
1914,9,list_v4,10
1915,9,list_v4,10
1916,10,grid_two_col,10
1917,4,list_v4,10
1918,1,list_v4,10
1919,8,feature_stack,7
1920,3,grid_two_col,10
1921,9,feature_stack,7
1922,6,list_v4,10
1923,8,grid_two_col,10
1924,7,grid_two_col,10
1925,9,grid_two_col,10
1926,5,list_v4,10
1927,5,feature_stack,7
1928,6,grid_two_col,10
1929,7,feature_stack,7
1930,2,list_v4,10
1931,8,list_v4,10
1932,6,grid_two_col,10
1933,2,grid_two_col,10
1934,7,feature_stack,7
1935,9,list_v4,10
1936,5,feature_stack,7
1937,10,grid_two_col,10
1938,7,feature_stack,7
1939,9,list_v4,10
1940,10,list_v4,10
1941,5,list_v4,10
1942,1,list_v4,10
1943,10,feature_stack,7
1944,6,feature_stack,7
1945,2,list_v4,10
1946,3,grid_two_col,10
1947,8,feature_stack,7
1948,2,list_v4,10
1949,8,grid_two_col,10
1950,9,list_v4,10
1951,4,grid_two_col,10
1952,9,feature_stack,7
1953,2,list_v4,10
1954,1,grid_two_col,10
1955,9,list_v4,10
1956,8,list_v4,10
1957,9,feature_stack,7
1958,6,list_v4,10
1959,8,list_v4,10
1960,2,grid_two_col,10
1961,2,feature_stack,7
1962,5,list_v4,10
1963,3,list_v4,10
1964,3,grid_two_col,10
1965,10,grid_two_col,10
1966,5,list_v4,10
1967,1,grid_two_col,10
1968,6,list_v4,10
1969,10,grid_two_col,10
1970,8,list_v4,10
1971,4,feature_stack,7
1972,3,list_v4,10
1973,9,grid_two_col,10
1974,3,feature_stack,7
1975,1,list_v4,10
1976,8,feature_stack,7
1977,5,feature_stack,7
1978,10,list_v4,10
1979,3,grid_two_col,10
1980,4,list_v4,10
1981,5,feature_stack,7
1982,8,grid_two_col,10
1983,8,grid_two_col,10
1984,8,list_v4,10
1985,7,list_v4,10
1986,1,feature_stack,7
1987,2,feature_stack,7
1988,4,grid_two_col,10
1989,10,grid_two_col,10
1990,10,list_v4,10
1991,4,list_v4,10
1992,1,grid_two_col,10
1993,5,list_v4,10
1994,7,grid_two_col,10
1995,8,grid_two_col,10
1996,4,feature_stack,7
1997,2,list_v4,10
1998,7,feature_stack,7
1999,9,grid_two_col,10
2000,8,list_v4,10
2001,4,feature_stack,7
2002,1,feature_stack,7
2003,6,grid_two_col,10
2004,10,feature_stack,7
2005,7,grid_two_col,10
2006,5,list_v4,10
2007,1,grid_two_col,10
2008,8,grid_two_col,10
2009,3,list_v4,10
2010,5,grid_two_col,10
2011,7,list_v4,10
2012,3,grid_two_col,10
2013,8,list_v4,10
2014,10,list_v4,10
2015,8,grid_two_col,10
2016,4,list_v4,10
2017,9,list_v4,10
2018,5,list_v4,10
2019,2,feature_stack,7
2020,3,list_v4,10
2021,2,list_v4,10
2022,10,feature_stack,7
2023,9,feature_stack,7
2024,3,feature_stack,7
2025,5,list_v4,10
2026,3,grid_two_col,10
2027,1,grid_two_col,10
2028,6,grid_two_col,10
2029,4,list_v4,10
2030,2,list_v4,10
2031,3,list_v4,10
2032,2,list_v4,10
2033,1,list_v4,10
2034,7,feature_stack,7
2035,8,feature_stack,7
2036,4,feature_stack,7
2037,3,list_v4,10
2038,4,list_v4,10
2039,5,list_v4,10
2040,4,list_v4,10
2041,7,list_v4,10
2042,10,list_v4,10
2043,7,list_v4,10
2044,10,feature_stack,7
2045,3,list_v4,10
2046,9,list_v4,10
2047,2,grid_two_col,10
2048,7,feature_stack,7
2049,10,feature_stack,7
2050,7,feature_stack,7
2051,10,grid_two_col,10
2052,3,grid_two_col,10
2053,9,grid_two_col,10
2054,1,feature_stack,7
2055,1,list_v4,10
2056,1,feature_stack,7
2057,10,feature_stack,7
2058,1,grid_two_col,10
2059,2,list_v4,10
2060,7,feature_stack,7
2061,3,list_v4,10
2062,9,feature_stack,7
2063,7,grid_two_col,10
2064,7,list_v4,10
2065,8,list_v4,10
2066,4,grid_two_col,10
2067,2,list_v4,10
2068,4,grid_two_col,10
2069,8,grid_two_col,10
2070,2,list_v4,10
2071,5,grid_two_col,10
2072,10,grid_two_col,10
2073,2,grid_two_col,10
2074,6,feature_stack,7
2075,7,list_v4,10
2076,7,list_v4,10
2077,1,list_v4,10
2078,3,list_v4,10
2079,6,grid_two_col,10
2080,10,list_v4,10
2081,10,feature_stack,7
2082,4,feature_stack,7
2083,4,grid_two_col,10
2084,4,list_v4,10
2085,10,grid_two_col,10
2086,9,feature_stack,7
2087,10,feature_stack,7
2088,8,list_v4,10
2089,5,list_v4,10
2090,8,feature_stack,7
2091,8,grid_two_col,10
2092,6,grid_two_col,10
2093,8,grid_two_col,10
2094,8,grid_two_col,10
2095,1,feature_stack,7
2096,9,feature_stack,7
2097,10,list_v4,10
2098,6,grid_two_col,10
2099,1,feature_stack,7
2100,7,grid_two_col,10
2101,8,grid_two_col,10
2102,7,list_v4,10
2103,8,list_v4,10
2104,5,grid_two_col,10
2105,9,list_v4,10
2106,4,list_v4,10
2107,4,feature_stack,7
2108,7,list_v4,10
2109,4,feature_stack,7
2110,8,feature_stack,7
2111,8,list_v4,10
2112,1,feature_stack,7
2113,7,grid_two_col,10
2114,2,feature_stack,7
2115,9,list_v4,10
2116,5,grid_two_col,10
2117,4,list_v4,10
2118,10,feature_stack,7
2119,9,grid_two_col,10
2120,3,feature_stack,7
2121,9,list_v4,10
2122,7,grid_two_col,10
2123,10,list_v4,10
2124,7,list_v4,10
2125,9,grid_two_col,10
2126,5,grid_two_col,10
2127,10,list_v4,10
2128,4,grid_two_col,10
2129,10,list_v4,10
2130,1,list_v4,10
2131,4,grid_two_col,10
2132,3,grid_two_col,10
2133,7,grid_two_col,10
2134,4,feature_stack,7
2135,1,grid_two_col,10
2136,1,feature_stack,7
2137,7,feature_stack,7
2138,3,feature_stack,7
2139,10,grid_two_col,10
2140,8,list_v4,10
2141,2,grid_two_col,10
2142,2,grid_two_col,10
2143,9,feature_stack,7
2144,10,feature_stack,7
2145,6,list_v4,10
2146,5,list_v4,10
2147,7,grid_two_col,10
2148,8,list_v4,10
2149,2,list_v4,10
2150,3,list_v4,10
2151,6,feature_stack,7
2152,6,feature_stack,7
2153,2,feature_stack,7
2154,5,feature_stack,7
2155,8,feature_stack,7
2156,1,list_v4,10
2157,10,list_v4,10
2158,6,grid_two_col,10
2159,7,list_v4,10
2160,1,grid_two_col,10
2161,10,grid_two_col,10
2162,5,feature_stack,7
2163,5,grid_two_col,10
2164,8,feature_stack,7
2165,9,feature_stack,7
2166,5,list_v4,10
2167,7,grid_two_col,10
2168,6,list_v4,10
2169,4,list_v4,10
2170,8,list_v4,10
2171,4,feature_stack,7
2172,7,list_v4,10
2173,7,grid_two_col,10
2174,2,grid_two_col,10
2175,1,feature_stack,7
2176,4,grid_two_col,10
2177,7,feature_stack,7
2178,3,feature_stack,7
2179,4,list_v4,10
2180,4,grid_two_col,10
2181,7,grid_two_col,10
2182,10,list_v4,10
2183,7,list_v4,10
2184,3,list_v4,10
2185,7,feature_stack,7
2186,1,list_v4,10
2187,2,grid_two_col,10
2188,6,list_v4,10
2189,1,feature_stack,7
2190,3,grid_two_col,10
2191,9,list_v4,10
2192,5,list_v4,10
2193,5,grid_two_col,10
2194,1,list_v4,10
2195,3,feature_stack,7
2196,6,grid_two_col,10
2197,9,feature_stack,7
2198,1,list_v4,10
2199,7,list_v4,10
2200,8,list_v4,10
2201,9,grid_two_col,10
2202,1,grid_two_col,10
2203,2,feature_stack,7
2204,1,list_v4,10
2205,8,feature_stack,7
2206,6,list_v4,10
2207,9,list_v4,10
2208,7,grid_two_col,10
2209,10,feature_stack,7
2210,1,feature_stack,7
2211,4,list_v4,10
2212,1,feature_stack,7
2213,5,feature_stack,7
2214,7,grid_two_col,10
2215,7,grid_two_col,10
2216,8,list_v4,10
2217,7,list_v4,10
2218,9,grid_two_col,10
2219,5,grid_two_col,10
2220,3,grid_two_col,10
2221,7,grid_two_col,10
2222,1,list_v4,10
2223,10,grid_two_col,10
2224,4,grid_two_col,10
2225,2,grid_two_col,10
2226,7,feature_stack,7
2227,4,grid_two_col,10
2228,6,list_v4,10
2229,10,list_v4,10
2230,7,grid_two_col,10
2231,4,grid_two_col,10
2232,1,feature_stack,7
2233,2,list_v4,10
2234,2,list_v4,10
2235,4,feature_stack,7
2236,2,feature_stack,7
2237,9,list_v4,10
2238,8,grid_two_col,10
2239,9,list_v4,10
2240,7,grid_two_col,10
2241,1,grid_two_col,10
2242,7,grid_two_col,10
2243,5,feature_stack,7
2244,8,list_v4,10
2245,2,feature_stack,7
2246,6,list_v4,10
2247,4,feature_stack,7
2248,2,feature_stack,7
2249,1,grid_two_col,10
2250,9,grid_two_col,10
2251,1,grid_two_col,10
2252,8,feature_stack,7
2253,3,grid_two_col,10
2254,6,grid_two_col,10
2255,10,list_v4,10
2256,3,list_v4,10
2257,2,grid_two_col,10
2258,6,feature_stack,7
2259,6,grid_two_col,10
2260,9,list_v4,10
2261,8,feature_stack,7
2262,9,list_v4,10
2263,7,list_v4,10
2264,4,grid_two_col,10
2265,8,list_v4,10
2266,10,list_v4,10
2267,8,feature_stack,7
2268,10,list_v4,10
2269,6,grid_two_col,10
2270,6,grid_two_col,10
2271,9,list_v4,10
2272,3,feature_stack,7
2273,5,list_v4,10
2274,7,list_v4,10
2275,10,feature_stack,7
2276,2,grid_two_col,10
2277,2,grid_two_col,10
2278,4,grid_two_col,10
2279,2,grid_two_col,10
2280,8,feature_stack,7
2281,6,list_v4,10
2282,2,grid_two_col,10
2283,5,list_v4,10
2284,9,feature_stack,7
2285,4,grid_two_col,10
2286,8,list_v4,10
2287,3,list_v4,10
2288,10,list_v4,10
2289,7,list_v4,10
2290,10,grid_two_col,10
2291,7,grid_two_col,10
2292,4,list_v4,10
2293,2,feature_stack,7
2294,7,list_v4,10
2295,7,list_v4,10
2296,6,grid_two_col,10
2297,10,feature_stack,7
2298,8,grid_two_col,10
2299,4,grid_two_col,10
2300,5,list_v4,10
2301,2,list_v4,10
2302,3,list_v4,10
2303,6,feature_stack,7
2304,3,grid_two_col,10
2305,8,grid_two_col,10
2306,2,grid_two_col,10
2307,5,feature_stack,7
2308,7,feature_stack,7
2309,8,grid_two_col,10
2310,7,feature_stack,7
2311,10,grid_two_col,10
2312,10,list_v4,10
2313,1,feature_stack,7
2314,4,feature_stack,7
2315,9,feature_stack,7
2316,8,list_v4,10
2317,4,feature_stack,7
2318,1,feature_stack,7
2319,6,list_v4,10
2320,6,list_v4,10
2321,7,grid_two_col,10
2322,7,list_v4,10
2323,4,feature_stack,7
2324,1,list_v4,10
2325,9,feature_stack,7
2326,2,list_v4,10
2327,8,grid_two_col,10
2328,1,list_v4,10
2329,8,list_v4,10
2330,7,list_v4,10
2331,4,feature_stack,7
2332,4,feature_stack,7
2333,4,feature_stack,7
2334,4,feature_stack,7
2335,6,grid_two_col,10
2336,6,grid_two_col,10
2337,2,list_v4,10
2338,10,grid_two_col,10
2339,10,grid_two_col,10
2340,5,list_v4,10
2341,9,list_v4,10
2342,9,feature_stack,7
2343,1,grid_two_col,10
2344,3,list_v4,10
2345,1,grid_two_col,10
2346,2,grid_two_col,10
2347,6,list_v4,10
2348,10,list_v4,10
2349,6,feature_stack,7
2350,6,feature_stack,7
2351,9,list_v4,10
2352,7,feature_stack,7
2353,5,list_v4,10
2354,8,list_v4,10
2355,7,grid_two_col,10
2356,8,feature_stack,7
2357,5,feature_stack,7
2358,5,feature_stack,7
2359,6,list_v4,10
2360,2,list_v4,10
2361,5,feature_stack,7
2362,6,feature_stack,7
2363,1,feature_stack,7
2364,3,list_v4,10
2365,9,grid_two_col,10
2366,9,grid_two_col,10
2367,2,grid_two_col,10
2368,5,list_v4,10
2369,8,grid_two_col,10
2370,2,feature_stack,7
2371,8,list_v4,10
2372,1,list_v4,10
2373,2,list_v4,10
2374,6,list_v4,10
2375,5,grid_two_col,10
2376,3,feature_stack,7
2377,6,list_v4,10
2378,7,feature_stack,7
2379,2,list_v4,10
2380,3,list_v4,10
2381,7,feature_stack,7
2382,4,list_v4,10
2383,2,list_v4,10
2384,5,feature_stack,7
2385,9,list_v4,10
2386,7,feature_stack,7
2387,2,list_v4,10
2388,3,list_v4,10
2389,3,list_v4,10
2390,4,list_v4,10
2391,3,list_v4,10
2392,6,list_v4,10
2393,10,grid_two_col,10
2394,4,feature_stack,7
2395,8,list_v4,10
2396,7,list_v4,10
2397,2,list_v4,10
2398,2,feature_stack,7
2399,8,feature_stack,7
2400,8,list_v4,10
2401,8,list_v4,10
2402,2,list_v4,10
2403,5,feature_stack,7
2404,6,list_v4,10
2405,2,list_v4,10
2406,3,feature_stack,7
2407,10,feature_stack,7
2408,10,list_v4,10
2409,5,feature_stack,7
2410,9,list_v4,10
2411,9,list_v4,10
2412,1,list_v4,10
2413,1,list_v4,10
2414,10,list_v4,10
2415,5,list_v4,10
2416,10,grid_two_col,10
2417,9,list_v4,10
2418,6,feature_stack,7
2419,4,feature_stack,7
2420,7,grid_two_col,10
2421,9,grid_two_col,10
2422,2,list_v4,10
2423,4,feature_stack,7
2424,6,grid_two_col,10
2425,2,list_v4,10
2426,4,feature_stack,7
2427,2,feature_stack,7
2428,3,list_v4,10
2429,5,feature_stack,7
2430,7,feature_stack,7
2431,2,feature_stack,7
2432,9,grid_two_col,10
2433,8,feature_stack,7
2434,9,list_v4,10
2435,3,grid_two_col,10
2436,3,feature_stack,7
2437,5,list_v4,10
2438,6,list_v4,10
2439,3,list_v4,10
2440,2,feature_stack,7
2441,9,feature_stack,7
2442,2,feature_stack,7
2443,3,feature_stack,7
2444,4,list_v4,10
2445,4,list_v4,10
2446,3,list_v4,10
2447,8,grid_two_col,10
2448,6,list_v4,10
2449,4,feature_stack,7
2450,4,list_v4,10
2451,5,list_v4,10
2452,6,list_v4,10
2453,8,list_v4,10
2454,1,feature_stack,7
2455,8,list_v4,10
2456,5,feature_stack,7
2457,7,list_v4,10
2458,2,list_v4,10
2459,5,grid_two_col,10
2460,8,list_v4,10
2461,7,list_v4,10
2462,10,feature_stack,7
2463,5,list_v4,10
2464,10,list_v4,10
2465,5,grid_two_col,10
2466,9,list_v4,10
2467,4,feature_stack,7
2468,6,list_v4,10
2469,5,grid_two_col,10
2470,3,feature_stack,7
2471,3,grid_two_col,10
2472,8,feature_stack,7
2473,10,feature_stack,7
2474,8,list_v4,10
2475,2,grid_two_col,10
2476,8,list_v4,10
2477,6,list_v4,10
2478,9,list_v4,10
2479,4,grid_two_col,10
2480,5,grid_two_col,10
2481,9,feature_stack,7
2482,7,list_v4,10
2483,5,feature_stack,7
2484,5,feature_stack,7
2485,10,grid_two_col,10
2486,10,grid_two_col,10
2487,9,feature_stack,7
2488,8,grid_two_col,10
2489,10,grid_two_col,10
2490,2,list_v4,10
2491,5,feature_stack,7
2492,4,grid_two_col,10
2493,5,list_v4,10
2494,1,feature_stack,7
2495,5,grid_two_col,10
2496,3,list_v4,10
2497,9,list_v4,10
2498,8,list_v4,10
2499,7,feature_stack,7
2500,2,grid_two_col,10
2501,3,list_v4,10
2502,4,list_v4,10
2503,1,list_v4,10
2504,2,list_v4,10
2505,4,grid_two_col,10
2506,1,feature_stack,7
2507,10,grid_two_col,10
2508,5,list_v4,10
2509,3,list_v4,10
2510,6,list_v4,10
2511,5,feature_stack,7
2512,6,grid_two_col,10
2513,2,feature_stack,7
2514,6,list_v4,10
2515,10,list_v4,10
2516,8,list_v4,10
2517,6,grid_two_col,10
2518,7,list_v4,10
2519,7,feature_stack,7
2520,3,grid_two_col,10
2521,3,grid_two_col,10
2522,5,grid_two_col,10
2523,4,feature_stack,7
2524,10,list_v4,10
2525,6,feature_stack,7
2526,7,list_v4,10
2527,5,grid_two_col,10
2528,8,list_v4,10
2529,7,grid_two_col,10
2530,10,grid_two_col,10
2531,1,feature_stack,7
2532,3,list_v4,10
2533,9,grid_two_col,10
2534,7,grid_two_col,10
2535,6,grid_two_col,10
2536,5,grid_two_col,10
2537,10,grid_two_col,10
2538,10,grid_two_col,10
2539,6,grid_two_col,10
2540,8,grid_two_col,10
2541,1,feature_stack,7
2542,2,grid_two_col,10
2543,2,list_v4,10
2544,10,list_v4,10
2545,1,grid_two_col,10
2546,1,grid_two_col,10
2547,7,feature_stack,7
2548,4,list_v4,10
2549,10,grid_two_col,10
2550,5,list_v4,10
2551,5,feature_stack,7
2552,2,feature_stack,7
2553,9,grid_two_col,10
2554,3,feature_stack,7
2555,4,grid_two_col,10
2556,2,list_v4,10
2557,6,grid_two_col,10
2558,3,list_v4,10
2559,1,list_v4,10
2560,2,grid_two_col,10
2561,3,list_v4,10
2562,1,list_v4,10
2563,1,feature_stack,7
2564,7,list_v4,10
2565,1,list_v4,10
2566,10,list_v4,10
2567,3,list_v4,10
2568,8,list_v4,10
2569,7,feature_stack,7
2570,9,feature_stack,7
2571,2,feature_stack,7
2572,10,feature_stack,7
2573,9,list_v4,10
2574,5,list_v4,10
2575,5,grid_two_col,10
2576,5,feature_stack,7
2577,5,feature_stack,7
2578,7,list_v4,10
2579,3,grid_two_col,10
2580,9,list_v4,10
2581,7,grid_two_col,10
2582,1,list_v4,10
2583,2,feature_stack,7
2584,2,feature_stack,7
2585,7,list_v4,10
2586,9,list_v4,10
2587,9,grid_two_col,10
2588,9,feature_stack,7
2589,6,list_v4,10
2590,6,list_v4,10
2591,7,list_v4,10
2592,10,list_v4,10
2593,4,list_v4,10
2594,7,list_v4,10
2595,9,list_v4,10
2596,5,grid_two_col,10
2597,7,grid_two_col,10
2598,10,feature_stack,7
2599,4,grid_two_col,10
2600,9,list_v4,10
2601,1,list_v4,10
2602,9,list_v4,10
2603,4,grid_two_col,10
2604,3,list_v4,10
2605,7,list_v4,10
2606,6,list_v4,10
2607,2,feature_stack,7
2608,9,grid_two_col,10
2609,9,grid_two_col,10
2610,4,feature_stack,7
2611,4,list_v4,10
2612,7,list_v4,10
2613,7,list_v4,10
2614,2,list_v4,10
2615,3,list_v4,10
2616,9,list_v4,10
2617,10,grid_two_col,10
2618,5,grid_two_col,10
2619,6,grid_two_col,10
2620,6,list_v4,10
2621,5,list_v4,10
2622,1,feature_stack,7
2623,8,grid_two_col,10
2624,7,list_v4,10
2625,10,feature_stack,7
2626,2,feature_stack,7
2627,9,list_v4,10
2628,6,feature_stack,7
2629,9,feature_stack,7
2630,7,list_v4,10
2631,6,feature_stack,7
2632,7,list_v4,10
2633,8,list_v4,10
2634,2,list_v4,10
2635,9,feature_stack,7
2636,9,list_v4,10
2637,4,list_v4,10
2638,2,list_v4,10
2639,5,feature_stack,7
2640,1,feature_stack,7
2641,2,feature_stack,7
2642,1,list_v4,10
2643,10,feature_stack,7
2644,9,feature_stack,7
2645,4,grid_two_col,10
2646,7,feature_stack,7
2647,9,feature_stack,7
2648,1,list_v4,10
2649,5,list_v4,10
2650,3,grid_two_col,10
2651,2,grid_two_col,10
2652,2,grid_two_col,10
2653,2,grid_two_col,10
2654,8,list_v4,10
2655,2,list_v4,10
2656,10,feature_stack,7
2657,10,list_v4,10
2658,3,list_v4,10
2659,3,grid_two_col,10
2660,5,grid_two_col,10
2661,2,grid_two_col,10
2662,3,list_v4,10
2663,3,list_v4,10
2664,8,grid_two_col,10
2665,7,feature_stack,7
2666,6,grid_two_col,10
2667,2,grid_two_col,10
2668,8,list_v4,10
2669,7,grid_two_col,10
2670,2,grid_two_col,10
2671,6,list_v4,10
2672,10,list_v4,10
2673,9,grid_two_col,10
2674,4,list_v4,10
2675,5,list_v4,10
2676,4,grid_two_col,10
2677,10,feature_stack,7
2678,10,list_v4,10
2679,10,grid_two_col,10
2680,6,feature_stack,7
2681,3,list_v4,10
2682,9,list_v4,10
2683,8,list_v4,10
2684,2,list_v4,10
2685,9,grid_two_col,10
2686,7,grid_two_col,10
2687,2,list_v4,10
2688,1,grid_two_col,10
2689,3,feature_stack,7
2690,9,list_v4,10
2691,2,feature_stack,7
2692,10,list_v4,10
2693,1,list_v4,10
2694,10,list_v4,10
2695,9,list_v4,10
2696,5,feature_stack,7
2697,4,feature_stack,7
2698,8,feature_stack,7
2699,10,grid_two_col,10
2700,1,grid_two_col,10
2701,8,list_v4,10
2702,5,feature_stack,7
2703,9,grid_two_col,10
2704,4,grid_two_col,10
2705,7,list_v4,10
2706,6,list_v4,10
2707,7,feature_stack,7
2708,6,list_v4,10
2709,3,list_v4,10
2710,4,feature_stack,7
2711,9,grid_two_col,10
2712,3,grid_two_col,10
2713,9,list_v4,10
2714,3,feature_stack,7
2715,10,grid_two_col,10
2716,2,feature_stack,7
2717,10,feature_stack,7
2718,9,list_v4,10
2719,3,list_v4,10
2720,9,list_v4,10
2721,7,list_v4,10
2722,3,list_v4,10
2723,2,feature_stack,7
2724,7,list_v4,10
2725,5,feature_stack,7
2726,9,feature_stack,7
2727,10,feature_stack,7
2728,4,grid_two_col,10
2729,4,feature_stack,7
2730,9,list_v4,10
2731,6,feature_stack,7
2732,10,list_v4,10
2733,8,grid_two_col,10
2734,6,list_v4,10
2735,2,list_v4,10
2736,7,list_v4,10
2737,8,feature_stack,7
2738,4,grid_two_col,10
2739,3,list_v4,10
2740,4,feature_stack,7
2741,10,list_v4,10
2742,9,grid_two_col,10
2743,4,list_v4,10
2744,3,grid_two_col,10
2745,6,grid_two_col,10
2746,5,list_v4,10
2747,5,grid_two_col,10
2748,8,feature_stack,7
2749,8,list_v4,10
2750,5,list_v4,10
2751,1,grid_two_col,10
2752,10,grid_two_col,10
2753,3,grid_two_col,10
2754,3,feature_stack,7
2755,2,list_v4,10
2756,2,grid_two_col,10
2757,4,grid_two_col,10
2758,7,grid_two_col,10
2759,1,grid_two_col,10
2760,8,grid_two_col,10
2761,7,list_v4,10
2762,2,list_v4,10
2763,9,feature_stack,7
2764,6,grid_two_col,10
2765,2,list_v4,10
2766,4,list_v4,10
2767,6,feature_stack,7
2768,8,feature_stack,7
2769,1,list_v4,10
2770,7,grid_two_col,10
2771,3,list_v4,10
2772,10,feature_stack,7
2773,10,grid_two_col,10
2774,5,grid_two_col,10
2775,3,grid_two_col,10
2776,8,grid_two_col,10
2777,5,grid_two_col,10
2778,9,list_v4,10
2779,4,list_v4,10
2780,10,list_v4,10
2781,7,list_v4,10
2782,8,grid_two_col,10
2783,8,feature_stack,7
2784,8,list_v4,10
2785,1,list_v4,10
2786,5,list_v4,10
2787,4,grid_two_col,10
2788,7,list_v4,10
2789,3,list_v4,10
2790,9,list_v4,10
2791,3,list_v4,10
2792,7,feature_stack,7
2793,8,list_v4,10
2794,2,grid_two_col,10
2795,3,list_v4,10
2796,6,feature_stack,7
2797,3,feature_stack,7
2798,7,grid_two_col,10
2799,10,list_v4,10
2800,8,list_v4,10
2801,10,feature_stack,7
2802,5,feature_stack,7
2803,9,feature_stack,7
2804,5,grid_two_col,10
2805,10,feature_stack,7
2806,7,list_v4,10
2807,3,feature_stack,7
2808,3,list_v4,10
2809,9,grid_two_col,10
2810,8,feature_stack,7
2811,6,feature_stack,7
2812,9,grid_two_col,10
2813,10,list_v4,10
2814,8,grid_two_col,10
2815,3,list_v4,10
2816,8,list_v4,10
2817,6,list_v4,10
2818,8,grid_two_col,10
2819,6,list_v4,10
2820,8,grid_two_col,10
2821,5,list_v4,10
2822,9,feature_stack,7
2823,7,list_v4,10
2824,7,grid_two_col,10
2825,3,grid_two_col,10
2826,10,feature_stack,7
2827,5,grid_two_col,10
2828,5,feature_stack,7
2829,10,grid_two_col,10
2830,10,feature_stack,7
2831,2,feature_stack,7
2832,3,list_v4,10
2833,7,grid_two_col,10
2834,6,list_v4,10
2835,2,list_v4,10
2836,3,feature_stack,7
2837,1,feature_stack,7
2838,3,list_v4,10
2839,3,feature_stack,7
2840,3,feature_stack,7
2841,5,list_v4,10
2842,8,list_v4,10
2843,2,grid_two_col,10
2844,1,list_v4,10
2845,3,grid_two_col,10
2846,3,grid_two_col,10
2847,5,grid_two_col,10
2848,1,grid_two_col,10
2849,5,grid_two_col,10
2850,3,grid_two_col,10
2851,2,list_v4,10
2852,5,list_v4,10
2853,5,feature_stack,7
2854,2,list_v4,10
2855,8,list_v4,10
2856,8,feature_stack,7
2857,5,grid_two_col,10
2858,3,grid_two_col,10
2859,6,list_v4,10
2860,7,feature_stack,7
2861,4,grid_two_col,10
2862,3,list_v4,10
2863,5,list_v4,10
2864,9,feature_stack,7
2865,1,feature_stack,7
2866,3,feature_stack,7
2867,6,list_v4,10
2868,6,feature_stack,7
2869,8,grid_two_col,10
2870,8,list_v4,10
2871,6,list_v4,10
2872,3,list_v4,10
2873,1,feature_stack,7
2874,2,list_v4,10
2875,3,list_v4,10
2876,2,list_v4,10
2877,8,feature_stack,7
2878,2,list_v4,10
2879,1,feature_stack,7
2880,1,feature_stack,7
2881,6,feature_stack,7
2882,7,list_v4,10
2883,10,grid_two_col,10
2884,4,list_v4,10
2885,4,grid_two_col,10
2886,4,feature_stack,7
2887,10,list_v4,10
2888,4,feature_stack,7
2889,8,list_v4,10
2890,1,feature_stack,7
2891,8,feature_stack,7
2892,7,list_v4,10
2893,6,list_v4,10
2894,8,feature_stack,7
2895,7,feature_stack,7
2896,6,grid_two_col,10
2897,10,grid_two_col,10
2898,5,grid_two_col,10
2899,2,grid_two_col,10
2900,3,list_v4,10
2901,6,feature_stack,7
2902,6,list_v4,10
2903,7,feature_stack,7
2904,8,list_v4,10
2905,2,list_v4,10
2906,4,feature_stack,7
2907,6,feature_stack,7
2908,2,list_v4,10
2909,3,list_v4,10
2910,1,list_v4,10
2911,2,list_v4,10
2912,6,grid_two_col,10
2913,5,grid_two_col,10
2914,5,grid_two_col,10
2915,1,grid_two_col,10
2916,5,feature_stack,7
2917,8,list_v4,10
2918,6,feature_stack,7
2919,9,list_v4,10
2920,5,list_v4,10
2921,10,grid_two_col,10
2922,9,grid_two_col,10
2923,10,list_v4,10
2924,4,list_v4,10
2925,5,grid_two_col,10
2926,4,feature_stack,7
2927,2,feature_stack,7
2928,8,grid_two_col,10
2929,5,list_v4,10
2930,6,list_v4,10
2931,10,grid_two_col,10
2932,6,grid_two_col,10
2933,3,list_v4,10
2934,6,list_v4,10
2935,6,grid_two_col,10
2936,6,list_v4,10
2937,4,list_v4,10
2938,9,list_v4,10
2939,7,feature_stack,7
2940,3,grid_two_col,10
2941,10,list_v4,10
2942,2,list_v4,10
2943,2,feature_stack,7
2944,8,list_v4,10
2945,2,grid_two_col,10
2946,3,list_v4,10
2947,10,list_v4,10
2948,7,grid_two_col,10
2949,4,list_v4,10
2950,7,grid_two_col,10
2951,7,list_v4,10
2952,2,grid_two_col,10
2953,10,list_v4,10
2954,6,list_v4,10
2955,10,grid_two_col,10
2956,5,feature_stack,7
2957,3,grid_two_col,10
2958,9,list_v4,10
2959,8,grid_two_col,10
2960,10,list_v4,10
2961,8,list_v4,10
2962,4,list_v4,10
2963,2,list_v4,10
2964,1,feature_stack,7
2965,4,grid_two_col,10
2966,8,grid_two_col,10
2967,9,list_v4,10
2968,6,feature_stack,7
2969,4,feature_stack,7
2970,2,list_v4,10
2971,6,list_v4,10
2972,5,list_v4,10
2973,9,feature_stack,7
2974,5,list_v4,10
2975,4,feature_stack,7
2976,9,grid_two_col,10
2977,8,feature_stack,7
2978,9,list_v4,10
2979,8,feature_stack,7
2980,8,list_v4,10
2981,5,feature_stack,7
2982,4,list_v4,10
2983,1,list_v4,10
2984,10,list_v4,10
2985,1,list_v4,10
2986,3,grid_two_col,10
2987,9,grid_two_col,10
2988,1,grid_two_col,10
2989,3,feature_stack,7
2990,5,grid_two_col,10
2991,4,list_v4,10
2992,6,list_v4,10
2993,3,grid_two_col,10
2994,9,feature_stack,7
2995,8,feature_stack,7
2996,4,grid_two_col,10
2997,5,list_v4,10
2998,10,feature_stack,7
2999,7,feature_stack,7
3000,2,list_v4,10
3001,3,feature_stack,7
3002,7,feature_stack,7
3003,5,feature_stack,7
3004,9,list_v4,10
3005,3,list_v4,10
3006,3,feature_stack,7
3007,6,grid_two_col,10
3008,7,list_v4,10
3009,2,list_v4,10
3010,6,list_v4,10
3011,6,list_v4,10
3012,4,feature_stack,7
3013,2,list_v4,10
3014,10,grid_two_col,10
3015,5,grid_two_col,10
3016,1,grid_two_col,10
3017,1,grid_two_col,10
3018,3,feature_stack,7
3019,6,list_v4,10
3020,1,feature_stack,7
3021,10,list_v4,10
3022,10,grid_two_col,10
3023,3,list_v4,10
3024,4,grid_two_col,10
3025,10,feature_stack,7
3026,1,list_v4,10
3027,4,grid_two_col,10
3028,6,grid_two_col,10
3029,10,feature_stack,7
3030,10,feature_stack,7
3031,2,grid_two_col,10
3032,9,list_v4,10
3033,10,feature_stack,7
3034,4,grid_two_col,10
3035,9,feature_stack,7
3036,8,list_v4,10
3037,9,grid_two_col,10
3038,10,list_v4,10
3039,4,list_v4,10
3040,9,grid_two_col,10
3041,2,grid_two_col,10
3042,3,grid_two_col,10
3043,6,list_v4,10
3044,6,list_v4,10
3045,6,grid_two_col,10
3046,5,list_v4,10
3047,8,list_v4,10
3048,9,list_v4,10
3049,6,list_v4,10
3050,5,grid_two_col,10
3051,2,grid_two_col,10
3052,1,list_v4,10
3053,6,grid_two_col,10
3054,10,grid_two_col,10
3055,10,list_v4,10
3056,5,list_v4,10
3057,5,feature_stack,7
3058,5,list_v4,10
3059,5,list_v4,10
3060,7,grid_two_col,10
3061,9,list_v4,10
3062,9,list_v4,10
3063,3,list_v4,10
3064,9,grid_two_col,10
3065,9,list_v4,10
3066,2,feature_stack,7
3067,8,grid_two_col,10
3068,8,feature_stack,7
3069,8,grid_two_col,10
3070,5,list_v4,10
3071,7,grid_two_col,10
3072,10,list_v4,10
3073,8,grid_two_col,10
3074,10,feature_stack,7
3075,9,list_v4,10
3076,1,list_v4,10
3077,7,list_v4,10
3078,2,list_v4,10
3079,4,list_v4,10
3080,9,feature_stack,7
3081,3,grid_two_col,10
3082,4,grid_two_col,10
3083,6,grid_two_col,10
3084,3,list_v4,10
3085,3,list_v4,10
3086,2,feature_stack,7
3087,7,grid_two_col,10
3088,7,grid_two_col,10
3089,7,list_v4,10
3090,6,list_v4,10
3091,5,feature_stack,7
3092,6,feature_stack,7
3093,4,grid_two_col,10
3094,8,list_v4,10
3095,6,list_v4,10
3096,10,feature_stack,7
3097,5,list_v4,10
3098,6,grid_two_col,10
3099,5,feature_stack,7
3100,10,grid_two_col,10
3101,6,grid_two_col,10
3102,8,list_v4,10
3103,5,grid_two_col,10
3104,10,list_v4,10
3105,7,grid_two_col,10
3106,2,grid_two_col,10
3107,1,feature_stack,7
3108,10,grid_two_col,10
3109,6,list_v4,10
3110,10,list_v4,10
3111,1,grid_two_col,10
3112,5,grid_two_col,10
3113,2,grid_two_col,10
3114,1,list_v4,10
3115,5,feature_stack,7
3116,4,feature_stack,7
3117,9,grid_two_col,10
3118,5,feature_stack,7
3119,7,feature_stack,7
3120,1,list_v4,10
3121,5,feature_stack,7
3122,5,list_v4,10
3123,1,grid_two_col,10
3124,5,list_v4,10
3125,9,feature_stack,7
3126,7,list_v4,10
3127,9,grid_two_col,10
3128,7,feature_stack,7
3129,2,grid_two_col,10
3130,4,feature_stack,7
3131,9,list_v4,10
3132,9,feature_stack,7
3133,8,feature_stack,7
3134,7,feature_stack,7
3135,1,grid_two_col,10
3136,5,list_v4,10
3137,7,list_v4,10
3138,1,grid_two_col,10
3139,5,list_v4,10
3140,9,feature_stack,7
3141,5,feature_stack,7
3142,1,list_v4,10
3143,5,feature_stack,7
3144,7,grid_two_col,10
3145,7,grid_two_col,10
3146,5,list_v4,10
3147,2,grid_two_col,10
3148,9,feature_stack,7
3149,8,feature_stack,7
3150,9,feature_stack,7
3151,8,list_v4,10
3152,10,list_v4,10
3153,6,feature_stack,7
3154,9,list_v4,10
3155,5,list_v4,10
3156,4,feature_stack,7
3157,10,list_v4,10
3158,1,list_v4,10
3159,6,feature_stack,7
3160,3,list_v4,10
3161,9,grid_two_col,10
3162,5,list_v4,10
3163,5,list_v4,10
3164,5,grid_two_col,10
3165,7,list_v4,10
3166,6,list_v4,10
3167,1,list_v4,10
3168,1,list_v4,10
3169,1,feature_stack,7
3170,8,grid_two_col,10
3171,1,list_v4,10
3172,6,grid_two_col,10
3173,9,list_v4,10
3174,6,list_v4,10
3175,3,feature_stack,7
3176,7,feature_stack,7
3177,3,grid_two_col,10
3178,6,feature_stack,7
3179,4,list_v4,10
3180,7,list_v4,10
3181,5,grid_two_col,10
3182,5,list_v4,10
3183,7,grid_two_col,10
3184,10,list_v4,10
3185,1,feature_stack,7
3186,5,list_v4,10
3187,9,list_v4,10
3188,9,list_v4,10
3189,6,list_v4,10
3190,8,grid_two_col,10
3191,5,list_v4,10
3192,4,feature_stack,7
3193,3,feature_stack,7
3194,6,list_v4,10
3195,1,list_v4,10
3196,6,list_v4,10
3197,5,grid_two_col,10
3198,7,feature_stack,7
3199,5,list_v4,10
3200,4,feature_stack,7
3201,9,grid_two_col,10
3202,5,grid_two_col,10
3203,1,list_v4,10
3204,4,grid_two_col,10
3205,10,list_v4,10
3206,6,list_v4,10
3207,6,list_v4,10
3208,2,grid_two_col,10
3209,10,list_v4,10
3210,4,grid_two_col,10
3211,6,feature_stack,7
3212,8,feature_stack,7
3213,2,list_v4,10
3214,10,grid_two_col,10
3215,1,feature_stack,7
3216,8,list_v4,10
3217,9,list_v4,10
3218,5,feature_stack,7
3219,8,list_v4,10
3220,3,grid_two_col,10
3221,2,feature_stack,7
3222,3,grid_two_col,10
3223,9,list_v4,10
3224,6,list_v4,10
3225,2,list_v4,10
3226,10,feature_stack,7
3227,7,feature_stack,7
3228,9,grid_two_col,10
3229,10,list_v4,10
3230,8,list_v4,10
3231,2,feature_stack,7
3232,2,list_v4,10
3233,7,list_v4,10
3234,10,feature_stack,7
3235,5,feature_stack,7
3236,2,feature_stack,7
3237,4,grid_two_col,10
3238,10,feature_stack,7
3239,1,grid_two_col,10
3240,1,grid_two_col,10
3241,3,list_v4,10
3242,8,feature_stack,7
3243,5,list_v4,10
3244,2,grid_two_col,10
3245,7,feature_stack,7
3246,3,list_v4,10
3247,9,feature_stack,7
3248,6,list_v4,10
3249,7,list_v4,10
3250,8,grid_two_col,10
3251,3,grid_two_col,10
3252,7,feature_stack,7
3253,1,grid_two_col,10
3254,1,feature_stack,7
3255,2,grid_two_col,10
3256,8,list_v4,10
3257,5,grid_two_col,10
3258,10,grid_two_col,10
3259,9,feature_stack,7
3260,10,list_v4,10
3261,3,grid_two_col,10
3262,3,grid_two_col,10
3263,7,list_v4,10
3264,1,grid_two_col,10
3265,9,grid_two_col,10
3266,1,grid_two_col,10
3267,2,feature_stack,7
3268,4,list_v4,10
3269,8,list_v4,10
3270,4,feature_stack,7
3271,5,list_v4,10
3272,6,list_v4,10
3273,9,list_v4,10
3274,9,grid_two_col,10
3275,2,feature_stack,7
3276,5,list_v4,10
3277,1,feature_stack,7
3278,2,list_v4,10
3279,5,list_v4,10
3280,6,feature_stack,7
3281,9,list_v4,10
3282,3,feature_stack,7
3283,1,list_v4,10
3284,3,list_v4,10
3285,3,list_v4,10
3286,9,feature_stack,7
3287,2,feature_stack,7
3288,7,list_v4,10
3289,3,grid_two_col,10
3290,3,list_v4,10
3291,8,feature_stack,7
3292,2,grid_two_col,10
3293,2,feature_stack,7
3294,8,list_v4,10
3295,9,list_v4,10
3296,3,feature_stack,7
3297,10,grid_two_col,10
3298,4,list_v4,10
3299,6,feature_stack,7
3300,6,grid_two_col,10
3301,9,feature_stack,7
3302,5,grid_two_col,10
3303,5,grid_two_col,10
3304,10,list_v4,10
3305,2,feature_stack,7
3306,3,grid_two_col,10
3307,10,feature_stack,7
3308,5,grid_two_col,10
3309,10,list_v4,10
3310,10,feature_stack,7
3311,5,grid_two_col,10
3312,10,list_v4,10
3313,8,list_v4,10
3314,2,grid_two_col,10
3315,1,grid_two_col,10
3316,6,list_v4,10
3317,7,list_v4,10
3318,10,grid_two_col,10
3319,5,feature_stack,7
3320,9,feature_stack,7
3321,3,feature_stack,7
3322,2,grid_two_col,10
3323,8,list_v4,10
3324,8,list_v4,10
3325,3,feature_stack,7
3326,7,grid_two_col,10
3327,5,feature_stack,7
3328,2,grid_two_col,10
3329,10,list_v4,10
3330,6,grid_two_col,10
3331,8,feature_stack,7
3332,5,grid_two_col,10
3333,9,grid_two_col,10
3334,10,list_v4,10
3335,6,grid_two_col,10
3336,9,list_v4,10
3337,7,grid_two_col,10
3338,6,feature_stack,7
3339,9,feature_stack,7
3340,7,grid_two_col,10
3341,9,list_v4,10
3342,7,grid_two_col,10
3343,3,grid_two_col,10
3344,5,list_v4,10
3345,9,feature_stack,7
3346,9,list_v4,10
3347,9,feature_stack,7
3348,2,list_v4,10
3349,8,list_v4,10
3350,10,list_v4,10
3351,1,grid_two_col,10
3352,1,feature_stack,7
3353,3,grid_two_col,10
3354,2,grid_two_col,10
3355,3,grid_two_col,10
3356,4,grid_two_col,10
3357,8,grid_two_col,10
3358,9,feature_stack,7
3359,10,feature_stack,7
3360,3,list_v4,10
3361,5,list_v4,10
3362,5,list_v4,10
3363,3,list_v4,10
3364,4,list_v4,10
3365,2,list_v4,10
3366,5,list_v4,10
3367,7,list_v4,10
3368,9,list_v4,10
3369,7,feature_stack,7
3370,5,list_v4,10
3371,9,list_v4,10
3372,2,grid_two_col,10
3373,8,feature_stack,7
3374,3,list_v4,10
3375,7,grid_two_col,10
3376,3,list_v4,10
3377,2,grid_two_col,10
3378,6,grid_two_col,10
3379,5,feature_stack,7
3380,5,feature_stack,7
3381,1,grid_two_col,10
3382,2,list_v4,10
3383,8,grid_two_col,10
3384,8,list_v4,10
3385,3,feature_stack,7
3386,6,grid_two_col,10
3387,2,feature_stack,7
3388,2,list_v4,10
3389,1,feature_stack,7
3390,1,grid_two_col,10
3391,6,list_v4,10
3392,1,grid_two_col,10
3393,4,grid_two_col,10
3394,7,list_v4,10
3395,8,list_v4,10
3396,5,feature_stack,7
3397,6,grid_two_col,10
3398,8,feature_stack,7
3399,2,feature_stack,7
3400,8,grid_two_col,10
3401,1,feature_stack,7
3402,6,list_v4,10
3403,6,grid_two_col,10
3404,9,grid_two_col,10
3405,7,feature_stack,7
3406,9,feature_stack,7
3407,2,feature_stack,7
3408,2,grid_two_col,10
3409,6,list_v4,10
3410,8,list_v4,10
3411,10,list_v4,10
3412,6,feature_stack,7
3413,2,grid_two_col,10
3414,4,grid_two_col,10
3415,1,feature_stack,7
3416,9,grid_two_col,10
3417,10,list_v4,10
3418,10,feature_stack,7
3419,7,list_v4,10
3420,4,feature_stack,7
3421,3,feature_stack,7
3422,2,grid_two_col,10
3423,1,feature_stack,7
3424,2,feature_stack,7
3425,2,grid_two_col,10
3426,3,feature_stack,7
3427,1,grid_two_col,10
3428,9,grid_two_col,10
3429,1,grid_two_col,10
3430,1,feature_stack,7
3431,7,list_v4,10
3432,4,list_v4,10
3433,4,list_v4,10
3434,10,list_v4,10
3435,1,list_v4,10
3436,6,feature_stack,7
3437,7,feature_stack,7
3438,9,grid_two_col,10
3439,7,grid_two_col,10
3440,7,feature_stack,7
3441,6,grid_two_col,10
3442,4,grid_two_col,10
3443,5,list_v4,10
3444,6,list_v4,10
3445,6,list_v4,10
3446,3,grid_two_col,10
3447,4,list_v4,10
3448,3,grid_two_col,10
3449,2,grid_two_col,10
3450,5,feature_stack,7
3451,10,grid_two_col,10
3452,6,feature_stack,7
3453,4,feature_stack,7
3454,1,feature_stack,7
3455,10,grid_two_col,10
3456,7,list_v4,10
3457,6,list_v4,10
3458,10,list_v4,10
3459,6,list_v4,10
3460,5,feature_stack,7
3461,6,grid_two_col,10
3462,4,list_v4,10
3463,1,list_v4,10
3464,1,grid_two_col,10
3465,3,list_v4,10
3466,6,grid_two_col,10
3467,8,list_v4,10
3468,3,grid_two_col,10
3469,1,list_v4,10
3470,7,list_v4,10
3471,6,feature_stack,7
3472,1,grid_two_col,10
3473,8,list_v4,10
3474,6,grid_two_col,10
3475,6,feature_stack,7
3476,9,grid_two_col,10
3477,4,feature_stack,7
3478,4,grid_two_col,10
3479,8,feature_stack,7
3480,4,list_v4,10
3481,8,grid_two_col,10
3482,10,grid_two_col,10
3483,10,grid_two_col,10
3484,3,list_v4,10
3485,10,list_v4,10
3486,5,feature_stack,7
3487,10,list_v4,10
3488,5,grid_two_col,10
3489,3,feature_stack,7
3490,2,feature_stack,7
3491,5,grid_two_col,10
3492,3,list_v4,10
3493,7,list_v4,10
3494,8,feature_stack,7
3495,4,list_v4,10
3496,7,list_v4,10
3497,5,feature_stack,7
3498,4,grid_two_col,10
3499,5,grid_two_col,10
3500,10,list_v4,10
3501,8,feature_stack,7
3502,10,list_v4,10
3503,7,list_v4,10
3504,4,list_v4,10
3505,5,grid_two_col,10
3506,6,list_v4,10
3507,9,list_v4,10
3508,2,list_v4,10
3509,7,feature_stack,7
3510,5,grid_two_col,10
3511,9,list_v4,10
3512,4,grid_two_col,10
3513,6,list_v4,10
3514,8,list_v4,10
3515,2,list_v4,10
3516,7,list_v4,10
3517,7,feature_stack,7
3518,8,list_v4,10
3519,3,grid_two_col,10
3520,3,grid_two_col,10
3521,2,list_v4,10
3522,3,list_v4,10
3523,1,feature_stack,7
3524,9,list_v4,10
3525,5,list_v4,10
3526,4,list_v4,10
3527,1,list_v4,10
3528,2,feature_stack,7
3529,4,grid_two_col,10
3530,9,grid_two_col,10
3531,10,feature_stack,7
3532,8,feature_stack,7
3533,2,list_v4,10
3534,3,list_v4,10
3535,7,list_v4,10
3536,1,grid_two_col,10
3537,1,list_v4,10
3538,10,list_v4,10
3539,5,grid_two_col,10
3540,5,list_v4,10
3541,6,grid_two_col,10
3542,8,list_v4,10
3543,7,grid_two_col,10
3544,1,list_v4,10
3545,6,list_v4,10
3546,3,list_v4,10
3547,8,list_v4,10
3548,3,feature_stack,7
3549,8,list_v4,10
3550,4,feature_stack,7
3551,1,list_v4,10
3552,9,list_v4,10
3553,6,feature_stack,7
3554,6,grid_two_col,10
3555,10,feature_stack,7
3556,1,list_v4,10
3557,9,list_v4,10
3558,5,feature_stack,7
3559,3,feature_stack,7
3560,6,list_v4,10
3561,4,grid_two_col,10
3562,10,list_v4,10
3563,7,list_v4,10
3564,4,feature_stack,7
3565,8,feature_stack,7
3566,6,list_v4,10
3567,10,grid_two_col,10
3568,7,feature_stack,7
3569,5,grid_two_col,10
3570,4,grid_two_col,10
3571,8,grid_two_col,10
3572,8,list_v4,10
3573,5,grid_two_col,10
3574,8,list_v4,10
3575,9,list_v4,10
3576,6,list_v4,10
3577,5,list_v4,10
3578,7,grid_two_col,10
3579,4,list_v4,10
3580,3,grid_two_col,10
3581,10,feature_stack,7
3582,3,list_v4,10
3583,5,grid_two_col,10
3584,8,feature_stack,7
3585,6,list_v4,10
3586,7,list_v4,10
3587,9,feature_stack,7
3588,7,grid_two_col,10
3589,6,list_v4,10
3590,6,feature_stack,7
3591,4,list_v4,10
3592,4,list_v4,10
3593,7,list_v4,10
3594,5,grid_two_col,10
3595,6,list_v4,10
3596,3,feature_stack,7
3597,9,grid_two_col,10
3598,5,grid_two_col,10
3599,10,list_v4,10
3600,4,feature_stack,7
3601,10,list_v4,10
3602,4,feature_stack,7
3603,5,feature_stack,7
3604,10,grid_two_col,10
3605,8,grid_two_col,10
3606,1,grid_two_col,10
3607,8,feature_stack,7
3608,6,feature_stack,7
3609,8,grid_two_col,10
3610,10,list_v4,10
3611,7,grid_two_col,10
3612,5,grid_two_col,10
3613,2,grid_two_col,10
3614,9,list_v4,10
3615,2,grid_two_col,10
3616,5,grid_two_col,10
3617,5,feature_stack,7
3618,4,list_v4,10
3619,8,list_v4,10
3620,2,grid_two_col,10
3621,6,feature_stack,7
3622,7,feature_stack,7
3623,8,list_v4,10
3624,7,list_v4,10
3625,5,list_v4,10
3626,4,list_v4,10
3627,7,grid_two_col,10
3628,7,list_v4,10
3629,10,grid_two_col,10
3630,5,list_v4,10
3631,8,list_v4,10
3632,10,feature_stack,7
3633,3,grid_two_col,10
3634,1,feature_stack,7
3635,3,list_v4,10
3636,1,grid_two_col,10
3637,1,list_v4,10
3638,2,feature_stack,7
3639,3,feature_stack,7
3640,4,list_v4,10
3641,6,list_v4,10
3642,2,list_v4,10
3643,8,list_v4,10
3644,3,feature_stack,7
3645,9,list_v4,10
3646,10,feature_stack,7
3647,3,grid_two_col,10
3648,6,list_v4,10
3649,10,feature_stack,7
3650,10,grid_two_col,10
3651,5,grid_two_col,10
3652,10,feature_stack,7
3653,1,feature_stack,7
3654,8,list_v4,10
3655,8,list_v4,10
3656,4,list_v4,10
3657,5,feature_stack,7
3658,1,list_v4,10
3659,7,list_v4,10
3660,10,list_v4,10
3661,3,grid_two_col,10
3662,2,grid_two_col,10
3663,7,list_v4,10
3664,1,feature_stack,7
3665,5,feature_stack,7
3666,8,feature_stack,7
3667,2,grid_two_col,10
3668,9,list_v4,10
3669,2,grid_two_col,10
3670,5,grid_two_col,10
3671,3,list_v4,10
3672,7,feature_stack,7
3673,5,grid_two_col,10
3674,9,grid_two_col,10
3675,3,list_v4,10
3676,10,grid_two_col,10
3677,6,grid_two_col,10
3678,4,list_v4,10
3679,8,list_v4,10
3680,2,grid_two_col,10
3681,9,feature_stack,7
3682,4,grid_two_col,10
3683,5,list_v4,10
3684,10,list_v4,10
3685,1,list_v4,10
3686,9,feature_stack,7
3687,6,grid_two_col,10
3688,4,grid_two_col,10
3689,3,feature_stack,7
3690,8,list_v4,10
3691,9,list_v4,10
3692,1,feature_stack,7
3693,9,feature_stack,7
3694,7,list_v4,10
3695,7,list_v4,10
3696,8,list_v4,10
3697,2,feature_stack,7
3698,2,list_v4,10
3699,9,list_v4,10
3700,6,list_v4,10
3701,1,list_v4,10
3702,5,grid_two_col,10
3703,6,feature_stack,7
3704,8,grid_two_col,10
3705,2,feature_stack,7
3706,9,grid_two_col,10
3707,9,feature_stack,7
3708,9,grid_two_col,10
3709,6,feature_stack,7
3710,8,list_v4,10
3711,4,grid_two_col,10
3712,4,list_v4,10
3713,4,grid_two_col,10
3714,2,list_v4,10
3715,10,grid_two_col,10
3716,2,grid_two_col,10
3717,2,feature_stack,7
3718,2,list_v4,10
3719,5,list_v4,10
3720,10,grid_two_col,10
3721,7,list_v4,10
3722,3,list_v4,10
3723,3,grid_two_col,10
3724,5,feature_stack,7
3725,6,list_v4,10
3726,7,list_v4,10
3727,1,grid_two_col,10
3728,3,list_v4,10
3729,6,feature_stack,7
3730,10,list_v4,10
3731,7,list_v4,10
3732,1,list_v4,10
3733,8,grid_two_col,10
3734,2,list_v4,10
3735,4,list_v4,10
3736,4,list_v4,10
3737,2,list_v4,10
3738,2,list_v4,10
3739,9,list_v4,10
3740,10,list_v4,10
3741,4,list_v4,10
3742,8,feature_stack,7
3743,2,list_v4,10
3744,6,list_v4,10
3745,3,list_v4,10
3746,1,grid_two_col,10
3747,10,grid_two_col,10
3748,10,grid_two_col,10
3749,4,list_v4,10
3750,4,feature_stack,7
3751,7,grid_two_col,10
3752,10,grid_two_col,10
3753,8,feature_stack,7
3754,6,list_v4,10
3755,5,grid_two_col,10
3756,3,list_v4,10
3757,7,list_v4,10
3758,9,list_v4,10
3759,5,grid_two_col,10
3760,9,grid_two_col,10
3761,4,grid_two_col,10
3762,3,list_v4,10
3763,6,feature_stack,7
3764,7,grid_two_col,10
3765,9,list_v4,10
3766,5,grid_two_col,10
3767,2,grid_two_col,10
3768,1,list_v4,10
3769,5,feature_stack,7
3770,1,feature_stack,7
3771,10,grid_two_col,10
3772,7,grid_two_col,10
3773,3,feature_stack,7
3774,7,list_v4,10
3775,5,grid_two_col,10
3776,7,grid_two_col,10
3777,10,grid_two_col,10
3778,10,grid_two_col,10
3779,1,feature_stack,7
3780,2,list_v4,10
3781,4,grid_two_col,10
3782,5,feature_stack,7
3783,8,feature_stack,7
3784,4,list_v4,10
3785,9,list_v4,10
3786,3,list_v4,10
3787,7,list_v4,10
3788,10,feature_stack,7
3789,1,grid_two_col,10
3790,4,list_v4,10
3791,2,feature_stack,7
3792,2,list_v4,10
3793,2,grid_two_col,10
3794,3,feature_stack,7
3795,8,grid_two_col,10
3796,2,grid_two_col,10
3797,2,feature_stack,7
3798,1,list_v4,10
3799,9,feature_stack,7
3800,8,feature_stack,7
3801,8,list_v4,10
3802,1,list_v4,10
3803,1,feature_stack,7
3804,10,grid_two_col,10
3805,4,list_v4,10
3806,9,list_v4,10
3807,4,grid_two_col,10
3808,2,list_v4,10
3809,8,feature_stack,7
3810,6,feature_stack,7
3811,3,list_v4,10
3812,10,list_v4,10
3813,10,feature_stack,7
3814,9,list_v4,10
3815,1,list_v4,10
3816,5,list_v4,10
3817,6,feature_stack,7
3818,9,feature_stack,7
3819,4,feature_stack,7
3820,5,grid_two_col,10
3821,10,list_v4,10
3822,4,list_v4,10
3823,10,list_v4,10
3824,5,grid_two_col,10
3825,7,list_v4,10
3826,7,grid_two_col,10
3827,5,list_v4,10
3828,5,grid_two_col,10
3829,8,list_v4,10
3830,1,grid_two_col,10
3831,6,feature_stack,7
3832,2,list_v4,10
3833,1,list_v4,10
3834,9,list_v4,10
3835,3,feature_stack,7
3836,8,list_v4,10
3837,8,feature_stack,7
3838,2,feature_stack,7
3839,4,list_v4,10
3840,5,list_v4,10
3841,7,list_v4,10
3842,8,list_v4,10
3843,10,grid_two_col,10
3844,9,grid_two_col,10
3845,4,list_v4,10
3846,6,list_v4,10
3847,8,list_v4,10
3848,6,list_v4,10
3849,6,grid_two_col,10
3850,2,list_v4,10
3851,3,feature_stack,7
3852,3,grid_two_col,10
3853,10,grid_two_col,10
3854,8,list_v4,10
3855,7,grid_two_col,10
3856,9,list_v4,10
3857,9,list_v4,10
3858,3,feature_stack,7
3859,7,list_v4,10
3860,3,grid_two_col,10
3861,3,feature_stack,7
3862,10,feature_stack,7
3863,10,feature_stack,7
3864,6,list_v4,10
3865,6,list_v4,10
3866,6,list_v4,10
3867,4,list_v4,10
3868,10,list_v4,10
3869,8,list_v4,10
3870,6,list_v4,10
3871,8,grid_two_col,10
3872,5,grid_two_col,10
3873,10,list_v4,10
3874,10,grid_two_col,10
3875,10,list_v4,10
3876,10,feature_stack,7
3877,3,grid_two_col,10
3878,3,feature_stack,7
3879,2,list_v4,10
3880,2,list_v4,10
3881,10,grid_two_col,10
3882,10,grid_two_col,10
3883,8,grid_two_col,10
3884,8,grid_two_col,10
3885,8,feature_stack,7
3886,6,grid_two_col,10
3887,5,list_v4,10
3888,4,list_v4,10
3889,6,grid_two_col,10
3890,8,feature_stack,7
3891,8,list_v4,10
3892,4,list_v4,10
3893,3,grid_two_col,10
3894,6,feature_stack,7
3895,10,feature_stack,7
3896,7,list_v4,10
3897,5,grid_two_col,10
3898,9,list_v4,10
3899,8,feature_stack,7
3900,6,grid_two_col,10
3901,7,feature_stack,7
3902,3,list_v4,10
3903,3,grid_two_col,10
3904,8,grid_two_col,10
3905,4,list_v4,10
3906,4,list_v4,10
3907,1,grid_two_col,10
3908,8,grid_two_col,10
3909,1,grid_two_col,10
3910,7,grid_two_col,10
3911,1,grid_two_col,10
3912,1,grid_two_col,10
3913,7,list_v4,10
3914,5,feature_stack,7
3915,4,feature_stack,7
3916,3,list_v4,10
3917,2,list_v4,10
3918,5,list_v4,10
3919,6,grid_two_col,10
3920,6,grid_two_col,10
3921,5,grid_two_col,10
3922,5,grid_two_col,10
3923,10,feature_stack,7
3924,4,feature_stack,7
3925,1,grid_two_col,10
3926,2,grid_two_col,10
3927,5,feature_stack,7
3928,2,grid_two_col,10
3929,9,list_v4,10
3930,10,feature_stack,7
3931,8,list_v4,10
3932,7,grid_two_col,10
3933,10,feature_stack,7
3934,1,grid_two_col,10
3935,7,list_v4,10
3936,5,feature_stack,7
3937,10,list_v4,10
3938,2,feature_stack,7
3939,8,grid_two_col,10
3940,6,feature_stack,7
3941,4,list_v4,10
3942,7,grid_two_col,10
3943,6,list_v4,10
3944,7,list_v4,10
3945,8,grid_two_col,10
3946,8,list_v4,10
3947,1,list_v4,10
3948,8,list_v4,10
3949,2,list_v4,10
3950,9,feature_stack,7
3951,1,feature_stack,7
3952,8,list_v4,10
3953,6,list_v4,10
3954,3,list_v4,10
3955,2,grid_two_col,10
3956,7,grid_two_col,10
3957,8,list_v4,10
3958,5,list_v4,10
3959,1,feature_stack,7
3960,4,feature_stack,7
3961,5,feature_stack,7
3962,3,list_v4,10
3963,6,list_v4,10
3964,7,list_v4,10
3965,5,feature_stack,7
3966,3,list_v4,10
3967,9,list_v4,10
3968,7,feature_stack,7
3969,6,list_v4,10
3970,4,list_v4,10
3971,2,grid_two_col,10
3972,2,feature_stack,7
3973,2,list_v4,10
3974,9,list_v4,10
3975,6,feature_stack,7
3976,9,grid_two_col,10
3977,7,grid_two_col,10
3978,7,feature_stack,7
3979,1,grid_two_col,10
3980,8,feature_stack,7
3981,7,list_v4,10
3982,8,feature_stack,7
3983,9,list_v4,10
3984,5,grid_two_col,10
3985,7,list_v4,10
3986,1,list_v4,10
3987,5,list_v4,10
3988,1,grid_two_col,10
3989,6,feature_stack,7
3990,6,feature_stack,7
3991,3,list_v4,10
3992,3,list_v4,10
3993,8,list_v4,10
3994,10,list_v4,10
3995,10,list_v4,10
3996,9,grid_two_col,10
3997,9,feature_stack,7
3998,2,feature_stack,7
3999,4,list_v4,10
