event_id,timestamp_utc,calendar_day,hour_utc,campaign,logger,position,user_feature_0,user_feature_1,user_feature_2,user_feature_3,clicked_item,behavior_propensity
tr0001,2019-11-24T01:31:03.601617+00:00,24,1,women,bts,2,81ce123cbb5bd8ce818f60fb3586bba5,03a5648a76832f83c859d46bc06cb64a,2723d2eb8bba04e0362098011fa3997b,f97571b9c14a786aab269f0b427d2a85,13,0.214059211813
tr0002,2019-11-24T02:33:40.638561+00:00,24,2,men,bts,1,cef3390ed299c09874189c387777674a,03a5648a76832f83c859d46bc06cb64a,c2e4f76cdbabecd33b8c762aeef386b3,f97571b9c14a786aab269f0b427d2a85,25,0.0162560261555
tr0003,2019-11-24T02:39:34.378793+00:00,24,2,women,bts,1,81ce123cbb5bd8ce818f60fb3586bba5,03a5648a76832f83c859d46bc06cb64a,7bc94a2da491829b777c49c4b5e480f2,9bde591ffaab8d54c457448e4dca6f53,13,0.214059211813
tr0004,2019-11-24T02:43:17.773185+00:00,24,2,women,bts,2,81ce123cbb5bd8ce818f60fb3586bba5,03a5648a76832f83c859d46bc06cb64a,2723d2eb8bba04e0362098011fa3997b,c39b0c7dd5d4eb9a18e7db6ba2f258f8,13,0.207074157333
tr0005,2019-11-24T03:10:07.359599+00:00,24,3,women,random,3,cef3390ed299c09874189c387777674a,03a5648a76832f83c859d46bc06cb64a,9b2d331c329ceb74d3dcfb48d8798c78,f97571b9c14a786aab269f0b427d2a85,14,0.1
tr0006,2019-11-24T03:39:13.332482+00:00,24,3,men,bts,1,81ce123cbb5bd8ce818f60fb3586bba5,2d03db5543b14483e52d761760686b64,9b2d331c329ceb74d3dcfb48d8798c78,9bde591ffaab8d54c457448e4dca6f53,3,0.200431297958
tr0007,2019-11-24T04:14:28.072340+00:00,24,4,men,bts,2,cef3390ed299c09874189c387777674a,03a5648a76832f83c859d46bc06cb64a,c2e4f76cdbabecd33b8c762aeef386b3,9bde591ffaab8d54c457448e4dca6f53,3,0.200431297958
tr0008,2019-11-24T04:17:55.544638+00:00,24,4,men,bts,1,cef3390ed299c09874189c387777674a,03a5648a76832f83c859d46bc06cb64a,9b2d331c329ceb74d3dcfb48d8798c78,9bde591ffaab8d54c457448e4dca6f53,21,0.211238710398
tr0009,2019-11-24T04:52:47.545888+00:00,24,4,all,bts,1,81ce123cbb5bd8ce818f60fb3586bba5,03a5648a76832f83c859d46bc06cb64a,c2e4f76cdbabecd33b8c762aeef386b3,9bde591ffaab8d54c457448e4dca6f53,6,0.0175211734465
tr0010,2019-11-24T05:07:01.066841+00:00,24,5,men,bts,3,cef3390ed299c09874189c387777674a,03a5648a76832f83c859d46bc06cb64a,c2e4f76cdbabecd33b8c762aeef386b3,f97571b9c14a786aab269f0b427d2a85,18,0.0332646073734
tr0011,2019-11-24T05:43:06.735866+00:00,24,5,women,bts,1,81ce123cbb5bd8ce818f60fb3586bba5,03a5648a76832f83c859d46bc06cb64a,9b2d331c329ceb74d3dcfb48d8798c78,c39b0c7dd5d4eb9a18e7db6ba2f258f8,13,0.214059211813
tr0012,2019-11-24T05:52:05.003613+00:00,24,5,women,bts,1,81ce123cbb5bd8ce818f60fb3586bba5,03a5648a76832f83c859d46bc06cb64a,2723d2eb8bba04e0362098011fa3997b,c39b0c7dd5d4eb9a18e7db6ba2f258f8,13,0.214059211813
tr0013,2019-11-24T06:22:48.087590+00:00,24,6,men,random,2,cef3390ed299c09874189c387777674a,03a5648a76832f83c859d46bc06cb64a,7bc94a2da491829b777c49c4b5e480f2,05b76f5e97e51128862059ac7df9e42a,10,0.1
tr0014,2019-11-24T06:33:13.284627+00:00,24,6,men,bts,3,cef3390ed299c09874189c387777674a,03a5648a76832f83c859d46bc06cb64a,7bc94a2da491829b777c49c4b5e480f2,06128286bcc64b6a4b0fb7bc0328fe17,13,0.251593380988
tr0015,2019-11-24T07:20:36.707083+00:00,24,7,men,random,2,cef3390ed299c09874189c387777674a,2d03db5543b14483e52d761760686b64,719dab53a7560218a9d1f96b25d6fa32,f97571b9c14a786aab269f0b427d2a85,3,0.1
tr0016,2019-11-24T07:22:30.694018+00:00,24,7,all,bts,1,81ce123cbb5bd8ce818f60fb3586bba5,03a5648a76832f83c859d46bc06cb64a,2723d2eb8bba04e0362098011fa3997b,9bde591ffaab8d54c457448e4dca6f53,1,0.278281141356
tr0017,2019-11-24T07:58:00.770950+00:00,24,7,all,bts,2,cef3390ed299c09874189c387777674a,03a5648a76832f83c859d46bc06cb64a,719dab53a7560218a9d1f96b25d6fa32,9bde591ffaab8d54c457448e4dca6f53,18,0.00527791334837
tr0018,2019-11-24T08:33:38.667529+00:00,24,8,all,random,1,81ce123cbb5bd8ce818f60fb3586bba5,03a5648a76832f83c859d46bc06cb64a,719dab53a7560218a9d1f96b25d6fa32,9bde591ffaab8d54c457448e4dca6f53,38,0.1
tr0019,2019-11-24T08:49:17.627354+00:00,24,8,women,random,1,81ce123cbb5bd8ce818f60fb3586bba5,2d03db5543b14483e52d761760686b64,719dab53a7560218a9d1f96b25d6fa32,05b76f5e97e51128862059ac7df9e42a,14,0.1
tr0020,2019-11-24T09:37:33.843552+00:00,24,9,men,bts,3,cef3390ed299c09874189c387777674a,03a5648a76832f83c859d46bc06cb64a,9b2d331c329ceb74d3dcfb48d8798c78,c39b0c7dd5d4eb9a18e7db6ba2f258f8,9,0.329571792135
tr0021,2019-11-24T10:49:30.331393+00:00,24,10,women,bts,2,81ce123cbb5bd8ce818f60fb3586bba5,2d03db5543b14483e52d761760686b64,2723d2eb8bba04e0362098011fa3997b,c39b0c7dd5d4eb9a18e7db6ba2f258f8,13,0.20503270988
tr0022,2019-11-24T11:03:08.955173+00:00,24,11,men,bts,1,cef3390ed299c09874189c387777674a,03a5648a76832f83c859d46bc06cb64a,7bc94a2da491829b777c49c4b5e480f2,9bde591ffaab8d54c457448e4dca6f53,9,0.409918105722
tr0023,2019-11-24T11:46:46.513423+00:00,24,11,men,bts,1,cef3390ed299c09874189c387777674a,03a5648a76832f83c859d46bc06cb64a,2723d2eb8bba04e0362098011fa3997b,c39b0c7dd5d4eb9a18e7db6ba2f258f8,3,0.200431297958
tr0024,2019-11-24T11:50:47.844097+00:00,24,11,men,random,1,cef3390ed299c09874189c387777674a,2d03db5543b14483e52d761760686b64,9b2d331c329ceb74d3dcfb48d8798c78,05b76f5e97e51128862059ac7df9e42a,23,0.1
tr0025,2019-11-24T12:01:00.812141+00:00,24,12,men,random,2,cef3390ed299c09874189c387777674a,03a5648a76832f83c859d46bc06cb64a,9b2d331c329ceb74d3dcfb48d8798c78,f97571b9c14a786aab269f0b427d2a85,12,0.1
tr0026,2019-11-24T12:02:28.476719+00:00,24,12,men,random,3,cef3390ed299c09874189c387777674a,03a5648a76832f83c859d46bc06cb64a,c2e4f76cdbabecd33b8c762aeef386b3,c39b0c7dd5d4eb9a18e7db6ba2f258f8,27,0.1
tr0027,2019-11-24T12:20:44.586919+00:00,24,12,men,bts,2,cef3390ed299c09874189c387777674a,03a5648a76832f83c859d46bc06cb64a,9f4e8271d3d3014af5f35124c2de5082,9bde591ffaab8d54c457448e4dca6f53,18,0.0425076163222
tr0028,2019-11-24T12:31:28.822477+00:00,24,12,men,random,2,cef3390ed299c09874189c387777674a,03a5648a76832f83c859d46bc06cb64a,719dab53a7560218a9d1f96b25d6fa32,c39b0c7dd5d4eb9a18e7db6ba2f258f8,27,0.1
tr0029,2019-11-24T12:41:16.071492+00:00,24,12,all,bts,1,81ce123cbb5bd8ce818f60fb3586bba5,03a5648a76832f83c859d46bc06cb64a,7bc94a2da491829b777c49c4b5e480f2,c39b0c7dd5d4eb9a18e7db6ba2f258f8,57,0.00337430744405
tr0030,2019-11-24T12:51:48.131550+00:00,24,12,all,random,1,81ce123cbb5bd8ce818f60fb3586bba5,03a5648a76832f83c859d46bc06cb64a,c2e4f76cdbabecd33b8c762aeef386b3,f97571b9c14a786aab269f0b427d2a85,45,0.1
tr0031,2019-11-24T12:55:53.390920+00:00,24,12,all,bts,2,cef3390ed299c09874189c387777674a,03a5648a76832f83c859d46bc06cb64a,2723d2eb8bba04e0362098011fa3997b,9bde591ffaab8d54c457448e4dca6f53,25,0.2173820621
tr0032,2019-11-24T13:25:23.958050+00:00,24,13,men,bts,1,cef3390ed299c09874189c387777674a,03a5648a76832f83c859d46bc06cb64a,c2e4f76cdbabecd33b8c762aeef386b3,9bde591ffaab8d54c457448e4dca6f53,3,0.200431297958
tr0033,2019-11-24T13:28:30.438006+00:00,24,13,all,random,2,81ce123cbb5bd8ce818f60fb3586bba5,03a5648a76832f83c859d46bc06cb64a,719dab53a7560218a9d1f96b25d6fa32,c39b0c7dd5d4eb9a18e7db6ba2f258f8,45,0.1
tr0034,2019-11-24T13:28:47.305694+00:00,24,13,men,random,3,cef3390ed299c09874189c387777674a,03a5648a76832f83c859d46bc06cb64a,7bc94a2da491829b777c49c4b5e480f2,270b3e1c052b4f2e9c90bf0ebeb84f34,22,0.1
tr0035,2019-11-24T13:30:01.662966+00:00,24,13,women,random,2,81ce123cbb5bd8ce818f60fb3586bba5,03a5648a76832f83c859d46bc06cb64a,302deff13f835d731df1c842eed95971,c39b0c7dd5d4eb9a18e7db6ba2f258f8,14,0.1
tr0036,2019-11-24T13:39:23.643374+00:00,24,13,women,random,1,81ce123cbb5bd8ce818f60fb3586bba5,03a5648a76832f83c859d46bc06cb64a,9b2d331c329ceb74d3dcfb48d8798c78,9bde591ffaab8d54c457448e4dca6f53,16,0.1
tr0037,2019-11-24T13:47:42.527294+00:00,24,13,men,bts,3,cef3390ed299c09874189c387777674a,03a5648a76832f83c859d46bc06cb64a,7bc94a2da491829b777c49c4b5e480f2,9bde591ffaab8d54c457448e4dca6f53,17,0.0436387522383
tr0038,2019-11-24T14:25:49.270885+00:00,24,14,all,random,1,81ce123cbb5bd8ce818f60fb3586bba5,03a5648a76832f83c859d46bc06cb64a,2723d2eb8bba04e0362098011fa3997b,c39b0c7dd5d4eb9a18e7db6ba2f258f8,39,0.1
tr0039,2019-11-24T14:36:40.945768+00:00,24,14,men,bts,1,cef3390ed299c09874189c387777674a,03a5648a76832f83c859d46bc06cb64a,2723d2eb8bba04e0362098011fa3997b,f97571b9c14a786aab269f0b427d2a85,3,0.200431297958
tr0040,2019-11-24T14:50:47.680115+00:00,24,14,men,random,2,cef3390ed299c09874189c387777674a,03a5648a76832f83c859d46bc06cb64a,719dab53a7560218a9d1f96b25d6fa32,f97571b9c14a786aab269f0b427d2a85,27,0.1
tr0041,2019-11-24T15:01:10.194406+00:00,24,15,men,bts,3,cef3390ed299c09874189c387777674a,03a5648a76832f83c859d46bc06cb64a,9b2d331c329ceb74d3dcfb48d8798c78,c39b0c7dd5d4eb9a18e7db6ba2f258f8,9,0.546696875125
tr0042,2019-11-24T15:02:11.335096+00:00,24,15,men,random,2,cef3390ed299c09874189c387777674a,03a5648a76832f83c859d46bc06cb64a,2723d2eb8bba04e0362098011fa3997b,05b76f5e97e51128862059ac7df9e42a,17,0.1
tr0043,2019-11-24T15:24:05.038065+00:00,24,15,men,bts,1,cef3390ed299c09874189c387777674a,03a5648a76832f83c859d46bc06cb64a,719dab53a7560218a9d1f96b25d6fa32,c39b0c7dd5d4eb9a18e7db6ba2f258f8,3,0.200431297958
tr0044,2019-11-24T16:11:23.713862+00:00,24,16,all,bts,2,81ce123cbb5bd8ce818f60fb3586bba5,03a5648a76832f83c859d46bc06cb64a,9f4e8271d3d3014af5f35124c2de5082,c39b0c7dd5d4eb9a18e7db6ba2f258f8,6,0.0120245517363
tr0045,2019-11-24T22:25:25.301309+00:00,24,22,women,random,2,81ce123cbb5bd8ce818f60fb3586bba5,03a5648a76832f83c859d46bc06cb64a,c2e4f76cdbabecd33b8c762aeef386b3,f97571b9c14a786aab269f0b427d2a85,36,0.1
tr0046,2019-11-24T22:33:07.625948+00:00,24,22,men,random,1,81ce123cbb5bd8ce818f60fb3586bba5,03a5648a76832f83c859d46bc06cb64a,7bc94a2da491829b777c49c4b5e480f2,06128286bcc64b6a4b0fb7bc0328fe17,27,0.1
tr0047,2019-11-24T22:35:13.410544+00:00,24,22,all,bts,3,cef3390ed299c09874189c387777674a,03a5648a76832f83c859d46bc06cb64a,719dab53a7560218a9d1f96b25d6fa32,9bde591ffaab8d54c457448e4dca6f53,6,0.0172004472669
tr0048,2019-11-25T00:11:03.672939+00:00,25,0,women,bts,1,81ce123cbb5bd8ce818f60fb3586bba5,03a5648a76832f83c859d46bc06cb64a,2723d2eb8bba04e0362098011fa3997b,9bde591ffaab8d54c457448e4dca6f53,13,0.211234451544
tr0049,2019-11-25T01:29:54.949150+00:00,25,1,men,bts,1,cef3390ed299c09874189c387777674a,03a5648a76832f83c859d46bc06cb64a,2723d2eb8bba04e0362098011fa3997b,9bde591ffaab8d54c457448e4dca6f53,3,0.256123771939
tr0050,2019-11-25T01:50:35.842608+00:00,25,1,men,bts,1,cef3390ed299c09874189c387777674a,03a5648a76832f83c859d46bc06cb64a,2723d2eb8bba04e0362098011fa3997b,c39b0c7dd5d4eb9a18e7db6ba2f258f8,28,0.0212639570053
tr0051,2019-11-25T03:14:07.506348+00:00,25,3,men,bts,1,cef3390ed299c09874189c387777674a,03a5648a76832f83c859d46bc06cb64a,c2e4f76cdbabecd33b8c762aeef386b3,f97571b9c14a786aab269f0b427d2a85,18,0.0425076163222
tr0052,2019-11-25T03:29:54.581244+00:00,25,3,all,bts,2,81ce123cbb5bd8ce818f60fb3586bba5,03a5648a76832f83c859d46bc06cb64a,719dab53a7560218a9d1f96b25d6fa32,f97571b9c14a786aab269f0b427d2a85,18,0.0052211185222
tr0053,2019-11-25T05:33:48.070615+00:00,25,5,men,bts,1,cef3390ed299c09874189c387777674a,03a5648a76832f83c859d46bc06cb64a,7bc94a2da491829b777c49c4b5e480f2,9bde591ffaab8d54c457448e4dca6f53,9,0.546696875125
tr0054,2019-11-25T06:04:10.565721+00:00,25,6,men,bts,1,cef3390ed299c09874189c387777674a,03a5648a76832f83c859d46bc06cb64a,9b2d331c329ceb74d3dcfb48d8798c78,9bde591ffaab8d54c457448e4dca6f53,3,0.256123771939
tr0055,2019-11-25T06:06:06.841670+00:00,25,6,women,bts,3,81ce123cbb5bd8ce818f60fb3586bba5,03a5648a76832f83c859d46bc06cb64a,c2e4f76cdbabecd33b8c762aeef386b3,9bde591ffaab8d54c457448e4dca6f53,13,0.211234451544
tr0056,2019-11-25T06:24:33.620073+00:00,25,6,men,bts,1,cef3390ed299c09874189c387777674a,2d03db5543b14483e52d761760686b64,2723d2eb8bba04e0362098011fa3997b,f97571b9c14a786aab269f0b427d2a85,9,0.353888764497
tr0057,2019-11-25T06:36:02.054026+00:00,25,6,women,random,3,81ce123cbb5bd8ce818f60fb3586bba5,03a5648a76832f83c859d46bc06cb64a,2723d2eb8bba04e0362098011fa3997b,9bde591ffaab8d54c457448e4dca6f53,14,0.1
tr0058,2019-11-25T07:52:34.306035+00:00,25,7,men,bts,1,cef3390ed299c09874189c387777674a,03a5648a76832f83c859d46bc06cb64a,2723d2eb8bba04e0362098011fa3997b,f97571b9c14a786aab269f0b427d2a85,3,0.256123771939
tr0059,2019-11-25T08:08:47.917147+00:00,25,8,all,random,1,81ce123cbb5bd8ce818f60fb3586bba5,03a5648a76832f83c859d46bc06cb64a,7bc94a2da491829b777c49c4b5e480f2,9bde591ffaab8d54c457448e4dca6f53,61,0.1
tr0060,2019-11-25T08:56:14.903577+00:00,25,8,women,bts,2,81ce123cbb5bd8ce818f60fb3586bba5,03a5648a76832f83c859d46bc06cb64a,2723d2eb8bba04e0362098011fa3997b,9bde591ffaab8d54c457448e4dca6f53,13,0.207074157333
tr0061,2019-11-25T09:24:08.583788+00:00,25,9,men,bts,2,cef3390ed299c09874189c387777674a,2d03db5543b14483e52d761760686b64,719dab53a7560218a9d1f96b25d6fa32,f97571b9c14a786aab269f0b427d2a85,9,0.523819246262
tr0062,2019-11-25T09:40:55.255429+00:00,25,9,men,random,3,cef3390ed299c09874189c387777674a,f1c2d6a32ec39249160cf784b63f4c6f,7bc94a2da491829b777c49c4b5e480f2,c39b0c7dd5d4eb9a18e7db6ba2f258f8,19,0.1
tr0063,2019-11-25T09:41:07.912451+00:00,25,9,men,bts,3,cef3390ed299c09874189c387777674a,2d03db5543b14483e52d761760686b64,719dab53a7560218a9d1f96b25d6fa32,f97571b9c14a786aab269f0b427d2a85,9,0.523819246262
tr0064,2019-11-25T09:48:30.758539+00:00,25,9,women,bts,1,81ce123cbb5bd8ce818f60fb3586bba5,03a5648a76832f83c859d46bc06cb64a,c2e4f76cdbabecd33b8c762aeef386b3,c39b0c7dd5d4eb9a18e7db6ba2f258f8,13,0.214059211813
tr0065,2019-11-25T09:54:00.773753+00:00,25,9,men,bts,1,81ce123cbb5bd8ce818f60fb3586bba5,03a5648a76832f83c859d46bc06cb64a,7bc94a2da491829b777c49c4b5e480f2,c39b0c7dd5d4eb9a18e7db6ba2f258f8,3,0.267309891272
tr0066,2019-11-25T09:59:18.972990+00:00,25,9,women,bts,2,81ce123cbb5bd8ce818f60fb3586bba5,03a5648a76832f83c859d46bc06cb64a,2723d2eb8bba04e0362098011fa3997b,06128286bcc64b6a4b0fb7bc0328fe17,13,0.214059211813
tr0067,2019-11-25T10:54:45.827731+00:00,25,10,women,random,3,81ce123cbb5bd8ce818f60fb3586bba5,f1c2d6a32ec39249160cf784b63f4c6f,7bc94a2da491829b777c49c4b5e480f2,c39b0c7dd5d4eb9a18e7db6ba2f258f8,14,0.1
tr0068,2019-11-25T11:04:55.570501+00:00,25,11,women,random,3,81ce123cbb5bd8ce818f60fb3586bba5,03a5648a76832f83c859d46bc06cb64a,719dab53a7560218a9d1f96b25d6fa32,9bde591ffaab8d54c457448e4dca6f53,14,0.1
tr0069,2019-11-25T11:05:41.738553+00:00,25,11,men,random,1,cef3390ed299c09874189c387777674a,03a5648a76832f83c859d46bc06cb64a,c2e4f76cdbabecd33b8c762aeef386b3,f97571b9c14a786aab269f0b427d2a85,27,0.1
tr0070,2019-11-25T11:35:55.662567+00:00,25,11,men,random,1,cef3390ed299c09874189c387777674a,03a5648a76832f83c859d46bc06cb64a,2723d2eb8bba04e0362098011fa3997b,c39b0c7dd5d4eb9a18e7db6ba2f258f8,17,0.1
tr0071,2019-11-25T11:54:14.159140+00:00,25,11,men,bts,1,cef3390ed299c09874189c387777674a,03a5648a76832f83c859d46bc06cb64a,c2e4f76cdbabecd33b8c762aeef386b3,c39b0c7dd5d4eb9a18e7db6ba2f258f8,23,0.0478565919553
tr0072,2019-11-25T12:13:04.139106+00:00,25,12,all,bts,3,81ce123cbb5bd8ce818f60fb3586bba5,03a5648a76832f83c859d46bc06cb64a,2723d2eb8bba04e0362098011fa3997b,c39b0c7dd5d4eb9a18e7db6ba2f258f8,6,0.0165634113227
tr0073,2019-11-25T12:35:43.312140+00:00,25,12,all,random,1,81ce123cbb5bd8ce818f60fb3586bba5,03a5648a76832f83c859d46bc06cb64a,719dab53a7560218a9d1f96b25d6fa32,c39b0c7dd5d4eb9a18e7db6ba2f258f8,7,0.1
tr0074,2019-11-25T12:47:20.415590+00:00,25,12,women,bts,1,81ce123cbb5bd8ce818f60fb3586bba5,03a5648a76832f83c859d46bc06cb64a,c2e4f76cdbabecd33b8c762aeef386b3,9bde591ffaab8d54c457448e4dca6f53,34,0.500806832732
tr0075,2019-11-25T13:02:17.110956+00:00,25,13,men,bts,3,81ce123cbb5bd8ce818f60fb3586bba5,03a5648a76832f83c859d46bc06cb64a,719dab53a7560218a9d1f96b25d6fa32,9bde591ffaab8d54c457448e4dca6f53,9,0.546696875125
tr0076,2019-11-25T13:41:08.725634+00:00,25,13,women,bts,1,81ce123cbb5bd8ce818f60fb3586bba5,03a5648a76832f83c859d46bc06cb64a,c2e4f76cdbabecd33b8c762aeef386b3,f97571b9c14a786aab269f0b427d2a85,13,0.207074157333
tr0077,2019-11-25T14:33:48.133317+00:00,25,14,men,bts,1,cef3390ed299c09874189c387777674a,03a5648a76832f83c859d46bc06cb64a,719dab53a7560218a9d1f96b25d6fa32,05b76f5e97e51128862059ac7df9e42a,3,0.200431297958
tr0078,2019-11-25T14:57:04.502135+00:00,25,14,all,random,3,81ce123cbb5bd8ce818f60fb3586bba5,03a5648a76832f83c859d46bc06cb64a,2723d2eb8bba04e0362098011fa3997b,9bde591ffaab8d54c457448e4dca6f53,39,0.1
tr0079,2019-11-25T20:28:00.093255+00:00,25,20,all,bts,1,81ce123cbb5bd8ce818f60fb3586bba5,03a5648a76832f83c859d46bc06cb64a,9b2d331c329ceb74d3dcfb48d8798c78,9bde591ffaab8d54c457448e4dca6f53,6,0.0154354091446
tr0080,2019-11-25T21:30:28.098590+00:00,25,21,men,bts,2,cef3390ed299c09874189c387777674a,f1c2d6a32ec39249160cf784b63f4c6f,2723d2eb8bba04e0362098011fa3997b,f97571b9c14a786aab269f0b427d2a85,9,0.546696875125
tr0081,2019-11-25T22:53:38.943076+00:00,25,22,women,random,1,81ce123cbb5bd8ce818f60fb3586bba5,03a5648a76832f83c859d46bc06cb64a,719dab53a7560218a9d1f96b25d6fa32,c39b0c7dd5d4eb9a18e7db6ba2f258f8,16,0.1
tr0082,2019-11-25T23:17:57.194442+00:00,25,23,all,bts,1,81ce123cbb5bd8ce818f60fb3586bba5,03a5648a76832f83c859d46bc06cb64a,c2e4f76cdbabecd33b8c762aeef386b3,9bde591ffaab8d54c457448e4dca6f53,57,0.00233626244136
tr0083,2019-11-26T00:34:53.396097+00:00,26,0,women,bts,2,81ce123cbb5bd8ce818f60fb3586bba5,03a5648a76832f83c859d46bc06cb64a,9b2d331c329ceb74d3dcfb48d8798c78,9bde591ffaab8d54c457448e4dca6f53,13,0.185576257475
tr0084,2019-11-26T01:25:08.529344+00:00,26,1,all,random,2,81ce123cbb5bd8ce818f60fb3586bba5,03a5648a76832f83c859d46bc06cb64a,2723d2eb8bba04e0362098011fa3997b,06128286bcc64b6a4b0fb7bc0328fe17,45,0.1
tr0085,2019-11-26T01:41:46.995379+00:00,26,1,all,bts,1,81ce123cbb5bd8ce818f60fb3586bba5,03a5648a76832f83c859d46bc06cb64a,9b2d331c329ceb74d3dcfb48d8798c78,c39b0c7dd5d4eb9a18e7db6ba2f258f8,57,0.00335303025711
tr0086,2019-11-26T03:28:59.891899+00:00,26,3,men,random,2,cef3390ed299c09874189c387777674a,2d03db5543b14483e52d761760686b64,9b2d331c329ceb74d3dcfb48d8798c78,c39b0c7dd5d4eb9a18e7db6ba2f258f8,17,0.1
tr0087,2019-11-26T04:14:43.130279+00:00,26,4,men,bts,1,81ce123cbb5bd8ce818f60fb3586bba5,2d03db5543b14483e52d761760686b64,7bc94a2da491829b777c49c4b5e480f2,06128286bcc64b6a4b0fb7bc0328fe17,3,0.258603207714
tr0088,2019-11-26T05:23:07.778547+00:00,26,5,all,bts,3,81ce123cbb5bd8ce818f60fb3586bba5,03a5648a76832f83c859d46bc06cb64a,7bc94a2da491829b777c49c4b5e480f2,c39b0c7dd5d4eb9a18e7db6ba2f258f8,6,0.0120245517363
tr0089,2019-11-26T05:46:22.395318+00:00,26,5,men,bts,2,cef3390ed299c09874189c387777674a,03a5648a76832f83c859d46bc06cb64a,719dab53a7560218a9d1f96b25d6fa32,06128286bcc64b6a4b0fb7bc0328fe17,9,0.503359266956
tr0090,2019-11-26T05:58:26.052208+00:00,26,5,women,random,3,81ce123cbb5bd8ce818f60fb3586bba5,03a5648a76832f83c859d46bc06cb64a,c2e4f76cdbabecd33b8c762aeef386b3,9bde591ffaab8d54c457448e4dca6f53,14,0.1
tr0091,2019-11-26T06:07:49.921492+00:00,26,6,all,bts,1,81ce123cbb5bd8ce818f60fb3586bba5,03a5648a76832f83c859d46bc06cb64a,719dab53a7560218a9d1f96b25d6fa32,c39b0c7dd5d4eb9a18e7db6ba2f258f8,49,0.0967569495872
tr0092,2019-11-26T06:26:09.085433+00:00,26,6,men,random,2,cef3390ed299c09874189c387777674a,03a5648a76832f83c859d46bc06cb64a,2723d2eb8bba04e0362098011fa3997b,9bde591ffaab8d54c457448e4dca6f53,27,0.1
tr0093,2019-11-26T07:40:19.155071+00:00,26,7,men,random,2,cef3390ed299c09874189c387777674a,03a5648a76832f83c859d46bc06cb64a,9f4e8271d3d3014af5f35124c2de5082,9bde591ffaab8d54c457448e4dca6f53,17,0.1
tr0094,2019-11-26T07:51:18.506982+00:00,26,7,women,random,2,81ce123cbb5bd8ce818f60fb3586bba5,03a5648a76832f83c859d46bc06cb64a,302deff13f835d731df1c842eed95971,f97571b9c14a786aab269f0b427d2a85,14,0.1
tr0095,2019-11-26T08:20:32.407580+00:00,26,8,men,bts,3,cef3390ed299c09874189c387777674a,03a5648a76832f83c859d46bc06cb64a,719dab53a7560218a9d1f96b25d6fa32,9bde591ffaab8d54c457448e4dca6f53,9,0.546696875125
tr0096,2019-11-26T08:25:12.526404+00:00,26,8,all,random,3,81ce123cbb5bd8ce818f60fb3586bba5,03a5648a76832f83c859d46bc06cb64a,c2e4f76cdbabecd33b8c762aeef386b3,c39b0c7dd5d4eb9a18e7db6ba2f258f8,39,0.1
tr0097,2019-11-26T09:05:29.312840+00:00,26,9,men,random,2,cef3390ed299c09874189c387777674a,f1c2d6a32ec39249160cf784b63f4c6f,c2e4f76cdbabecd33b8c762aeef386b3,9bde591ffaab8d54c457448e4dca6f53,17,0.1
tr0098,2019-11-26T09:24:39.387813+00:00,26,9,all,bts,3,81ce123cbb5bd8ce818f60fb3586bba5,03a5648a76832f83c859d46bc06cb64a,2723d2eb8bba04e0362098011fa3997b,c39b0c7dd5d4eb9a18e7db6ba2f258f8,18,0.00543653226341
tr0099,2019-11-26T10:13:43.983567+00:00,26,10,women,bts,2,81ce123cbb5bd8ce818f60fb3586bba5,03a5648a76832f83c859d46bc06cb64a,2723d2eb8bba04e0362098011fa3997b,9bde591ffaab8d54c457448e4dca6f53,13,0.211234451544
tr0100,2019-11-26T10:55:19.851067+00:00,26,10,men,bts,2,cef3390ed299c09874189c387777674a,03a5648a76832f83c859d46bc06cb64a,2723d2eb8bba04e0362098011fa3997b,c39b0c7dd5d4eb9a18e7db6ba2f258f8,9,0.409918105722
tr0101,2019-11-26T10:56:59.740763+00:00,26,10,all,bts,1,81ce123cbb5bd8ce818f60fb3586bba5,03a5648a76832f83c859d46bc06cb64a,c2e4f76cdbabecd33b8c762aeef386b3,f97571b9c14a786aab269f0b427d2a85,25,0.295942260501
tr0102,2019-11-26T11:34:48.286352+00:00,26,11,all,bts,3,81ce123cbb5bd8ce818f60fb3586bba5,03a5648a76832f83c859d46bc06cb64a,302deff13f835d731df1c842eed95971,c39b0c7dd5d4eb9a18e7db6ba2f258f8,57,0.00338938560383
tr0103,2019-11-26T11:37:43.725554+00:00,26,11,women,random,1,81ce123cbb5bd8ce818f60fb3586bba5,03a5648a76832f83c859d46bc06cb64a,c2e4f76cdbabecd33b8c762aeef386b3,06128286bcc64b6a4b0fb7bc0328fe17,34,0.1
tr0104,2019-11-26T12:13:12.973828+00:00,26,12,women,bts,3,81ce123cbb5bd8ce818f60fb3586bba5,03a5648a76832f83c859d46bc06cb64a,9b2d331c329ceb74d3dcfb48d8798c78,f97571b9c14a786aab269f0b427d2a85,13,0.199437793334
tr0105,2019-11-26T12:14:03.473144+00:00,26,12,all,random,2,81ce123cbb5bd8ce818f60fb3586bba5,03a5648a76832f83c859d46bc06cb64a,2723d2eb8bba04e0362098011fa3997b,c39b0c7dd5d4eb9a18e7db6ba2f258f8,47,0.1
tr0106,2019-11-26T12:16:30.652958+00:00,26,12,men,bts,1,cef3390ed299c09874189c387777674a,03a5648a76832f83c859d46bc06cb64a,302deff13f835d731df1c842eed95971,c39b0c7dd5d4eb9a18e7db6ba2f258f8,3,0.256123771939
tr0107,2019-11-26T12:54:30.423309+00:00,26,12,men,bts,1,cef3390ed299c09874189c387777674a,03a5648a76832f83c859d46bc06cb64a,9b2d331c329ceb74d3dcfb48d8798c78,9bde591ffaab8d54c457448e4dca6f53,28,0.0212639570053
tr0108,2019-11-26T13:01:42.169629+00:00,26,13,men,bts,1,cef3390ed299c09874189c387777674a,03a5648a76832f83c859d46bc06cb64a,719dab53a7560218a9d1f96b25d6fa32,c39b0c7dd5d4eb9a18e7db6ba2f258f8,3,0.246119773211
tr0109,2019-11-26T13:34:57.825593+00:00,26,13,women,random,2,81ce123cbb5bd8ce818f60fb3586bba5,03a5648a76832f83c859d46bc06cb64a,c2e4f76cdbabecd33b8c762aeef386b3,05b76f5e97e51128862059ac7df9e42a,34,0.1
tr0110,2019-11-26T14:00:57.675744+00:00,26,14,all,bts,3,81ce123cbb5bd8ce818f60fb3586bba5,03a5648a76832f83c859d46bc06cb64a,7bc94a2da491829b777c49c4b5e480f2,c39b0c7dd5d4eb9a18e7db6ba2f258f8,6,0.0174448905337
tr0111,2019-11-26T14:42:53.004141+00:00,26,14,all,bts,3,81ce123cbb5bd8ce818f60fb3586bba5,03a5648a76832f83c859d46bc06cb64a,9b2d331c329ceb74d3dcfb48d8798c78,9bde591ffaab8d54c457448e4dca6f53,6,0.0131424898469
tr0112,2019-11-26T14:56:09.486261+00:00,26,14,women,bts,2,81ce123cbb5bd8ce818f60fb3586bba5,03a5648a76832f83c859d46bc06cb64a,c2e4f76cdbabecd33b8c762aeef386b3,9bde591ffaab8d54c457448e4dca6f53,13,0.207074157333
tr0113,2019-11-26T14:58:37.044112+00:00,26,14,women,bts,3,81ce123cbb5bd8ce818f60fb3586bba5,03a5648a76832f83c859d46bc06cb64a,c2e4f76cdbabecd33b8c762aeef386b3,9bde591ffaab8d54c457448e4dca6f53,13,0.207074157333
tr0114,2019-11-26T15:03:23.254397+00:00,26,15,all,bts,2,81ce123cbb5bd8ce818f60fb3586bba5,03a5648a76832f83c859d46bc06cb64a,2723d2eb8bba04e0362098011fa3997b,c39b0c7dd5d4eb9a18e7db6ba2f258f8,1,0.398065574686
tr0115,2019-11-26T16:07:45.791881+00:00,26,16,men,bts,2,81ce123cbb5bd8ce818f60fb3586bba5,03a5648a76832f83c859d46bc06cb64a,c2e4f76cdbabecd33b8c762aeef386b3,c39b0c7dd5d4eb9a18e7db6ba2f258f8,3,0.200431297958
tr0116,2019-11-26T16:33:57.191105+00:00,26,16,all,bts,1,81ce123cbb5bd8ce818f60fb3586bba5,03a5648a76832f83c859d46bc06cb64a,2723d2eb8bba04e0362098011fa3997b,9bde591ffaab8d54c457448e4dca6f53,57,0.00327410006084
tr0117,2019-11-26T17:51:22.560325+00:00,26,17,men,random,3,cef3390ed299c09874189c387777674a,03a5648a76832f83c859d46bc06cb64a,2723d2eb8bba04e0362098011fa3997b,c39b0c7dd5d4eb9a18e7db6ba2f258f8,13,0.1
tr0118,2019-11-26T17:51:56.400985+00:00,26,17,men,random,3,cef3390ed299c09874189c387777674a,03a5648a76832f83c859d46bc06cb64a,7bc94a2da491829b777c49c4b5e480f2,9bde591ffaab8d54c457448e4dca6f53,17,0.1
tr0119,2019-11-26T19:57:01.964991+00:00,26,19,men,bts,2,cef3390ed299c09874189c387777674a,03a5648a76832f83c859d46bc06cb64a,2723d2eb8bba04e0362098011fa3997b,9bde591ffaab8d54c457448e4dca6f53,13,0.251593380988
tr0120,2019-11-26T20:59:45.729513+00:00,26,20,all,random,2,cef3390ed299c09874189c387777674a,f1c2d6a32ec39249160cf784b63f4c6f,c2e4f76cdbabecd33b8c762aeef386b3,c39b0c7dd5d4eb9a18e7db6ba2f258f8,39,0.1
tr0121,2019-11-26T22:06:07.145962+00:00,26,22,women,bts,2,81ce123cbb5bd8ce818f60fb3586bba5,2d03db5543b14483e52d761760686b64,c2e4f76cdbabecd33b8c762aeef386b3,c39b0c7dd5d4eb9a18e7db6ba2f258f8,13,0.207074157333
tr0122,2019-11-26T23:07:49.764284+00:00,26,23,all,bts,3,81ce123cbb5bd8ce818f60fb3586bba5,03a5648a76832f83c859d46bc06cb64a,c2e4f76cdbabecd33b8c762aeef386b3,9bde591ffaab8d54c457448e4dca6f53,57,0.00338938560383
tr0123,2019-11-26T23:22:34.792629+00:00,26,23,all,random,3,cef3390ed299c09874189c387777674a,03a5648a76832f83c859d46bc06cb64a,9b2d331c329ceb74d3dcfb48d8798c78,c39b0c7dd5d4eb9a18e7db6ba2f258f8,45,0.1
tr0124,2019-11-26T23:42:21.744093+00:00,26,23,all,random,2,81ce123cbb5bd8ce818f60fb3586bba5,03a5648a76832f83c859d46bc06cb64a,719dab53a7560218a9d1f96b25d6fa32,c39b0c7dd5d4eb9a18e7db6ba2f258f8,65,0.1
tr0125,2019-11-27T00:19:04.167353+00:00,27,0,all,random,3,81ce123cbb5bd8ce818f60fb3586bba5,03a5648a76832f83c859d46bc06cb64a,9b2d331c329ceb74d3dcfb48d8798c78,c39b0c7dd5d4eb9a18e7db6ba2f258f8,39,0.1
tr0126,2019-11-27T00:29:53.842336+00:00,27,0,all,bts,2,81ce123cbb5bd8ce818f60fb3586bba5,03a5648a76832f83c859d46bc06cb64a,c2e4f76cdbabecd33b8c762aeef386b3,c39b0c7dd5d4eb9a18e7db6ba2f258f8,25,0.293342991152
tr0127,2019-11-27T01:04:26.171501+00:00,27,1,men,bts,2,cef3390ed299c09874189c387777674a,f1c2d6a32ec39249160cf784b63f4c6f,7bc94a2da491829b777c49c4b5e480f2,06128286bcc64b6a4b0fb7bc0328fe17,3,0.25641381081
tr0128,2019-11-27T01:14:53.928839+00:00,27,1,women,random,3,81ce123cbb5bd8ce818f60fb3586bba5,f1c2d6a32ec39249160cf784b63f4c6f,7bc94a2da491829b777c49c4b5e480f2,9bde591ffaab8d54c457448e4dca6f53,14,0.1
tr0129,2019-11-27T03:06:29.585702+00:00,27,3,women,random,3,81ce123cbb5bd8ce818f60fb3586bba5,03a5648a76832f83c859d46bc06cb64a,7bc94a2da491829b777c49c4b5e480f2,9bde591ffaab8d54c457448e4dca6f53,14,0.1
tr0130,2019-11-27T03:33:10.569722+00:00,27,3,men,bts,2,cef3390ed299c09874189c387777674a,f1c2d6a32ec39249160cf784b63f4c6f,719dab53a7560218a9d1f96b25d6fa32,c39b0c7dd5d4eb9a18e7db6ba2f258f8,3,0.267309891272
tr0131,2019-11-27T05:47:10.551972+00:00,27,5,all,random,2,81ce123cbb5bd8ce818f60fb3586bba5,03a5648a76832f83c859d46bc06cb64a,2723d2eb8bba04e0362098011fa3997b,9bde591ffaab8d54c457448e4dca6f53,57,0.1
tr0132,2019-11-27T05:50:46.545828+00:00,27,5,men,random,3,cef3390ed299c09874189c387777674a,2d03db5543b14483e52d761760686b64,2723d2eb8bba04e0362098011fa3997b,05b76f5e97e51128862059ac7df9e42a,27,0.1
tr0133,2019-11-27T06:10:54.250518+00:00,27,6,all,random,3,cef3390ed299c09874189c387777674a,03a5648a76832f83c859d46bc06cb64a,719dab53a7560218a9d1f96b25d6fa32,f97571b9c14a786aab269f0b427d2a85,45,0.1
tr0134,2019-11-27T07:33:09.930311+00:00,27,7,men,bts,3,cef3390ed299c09874189c387777674a,03a5648a76832f83c859d46bc06cb64a,719dab53a7560218a9d1f96b25d6fa32,f97571b9c14a786aab269f0b427d2a85,3,0.200431297958
tr0135,2019-11-27T10:12:05.069090+00:00,27,10,men,bts,1,cef3390ed299c09874189c387777674a,03a5648a76832f83c859d46bc06cb64a,719dab53a7560218a9d1f96b25d6fa32,c39b0c7dd5d4eb9a18e7db6ba2f258f8,3,0.200431297958
tr0136,2019-11-27T11:05:10.380261+00:00,27,11,men,bts,3,cef3390ed299c09874189c387777674a,03a5648a76832f83c859d46bc06cb64a,c2e4f76cdbabecd33b8c762aeef386b3,9bde591ffaab8d54c457448e4dca6f53,9,0.409918105722
tr0137,2019-11-27T11:33:37.041202+00:00,27,11,all,bts,3,81ce123cbb5bd8ce818f60fb3586bba5,03a5648a76832f83c859d46bc06cb64a,9b2d331c329ceb74d3dcfb48d8798c78,9bde591ffaab8d54c457448e4dca6f53,6,0.0175381957293
tr0138,2019-11-27T11:48:42.321611+00:00,27,11,all,random,3,81ce123cbb5bd8ce818f60fb3586bba5,03a5648a76832f83c859d46bc06cb64a,c2e4f76cdbabecd33b8c762aeef386b3,9bde591ffaab8d54c457448e4dca6f53,45,0.1
tr0139,2019-11-27T11:53:29.533829+00:00,27,11,all,random,3,81ce123cbb5bd8ce818f60fb3586bba5,03a5648a76832f83c859d46bc06cb64a,c2e4f76cdbabecd33b8c762aeef386b3,9bde591ffaab8d54c457448e4dca6f53,39,0.1
tr0140,2019-11-27T12:02:58.705240+00:00,27,12,all,random,1,cef3390ed299c09874189c387777674a,03a5648a76832f83c859d46bc06cb64a,302deff13f835d731df1c842eed95971,06128286bcc64b6a4b0fb7bc0328fe17,39,0.1
tr0141,2019-11-27T12:20:41.187208+00:00,27,12,women,bts,3,81ce123cbb5bd8ce818f60fb3586bba5,6ff54aa8ff7a9dde75161c20a3ee4231,7bc94a2da491829b777c49c4b5e480f2,c39b0c7dd5d4eb9a18e7db6ba2f258f8,13,0.205112981877
tr0142,2019-11-27T12:39:50.053880+00:00,27,12,all,bts,1,81ce123cbb5bd8ce818f60fb3586bba5,2d03db5543b14483e52d761760686b64,2723d2eb8bba04e0362098011fa3997b,f97571b9c14a786aab269f0b427d2a85,1,0.401926645822
tr0143,2019-11-27T12:40:56.306843+00:00,27,12,women,bts,3,81ce123cbb5bd8ce818f60fb3586bba5,03a5648a76832f83c859d46bc06cb64a,c2e4f76cdbabecd33b8c762aeef386b3,9bde591ffaab8d54c457448e4dca6f53,13,0.182859181493
tr0144,2019-11-27T13:09:09.929439+00:00,27,13,men,bts,3,cef3390ed299c09874189c387777674a,f1c2d6a32ec39249160cf784b63f4c6f,7bc94a2da491829b777c49c4b5e480f2,06128286bcc64b6a4b0fb7bc0328fe17,9,0.409918105722
tr0145,2019-11-27T13:20:57.922542+00:00,27,13,women,random,1,81ce123cbb5bd8ce818f60fb3586bba5,2d03db5543b14483e52d761760686b64,7bc94a2da491829b777c49c4b5e480f2,06128286bcc64b6a4b0fb7bc0328fe17,16,0.1
tr0146,2019-11-27T13:31:41.119414+00:00,27,13,women,random,2,81ce123cbb5bd8ce818f60fb3586bba5,03a5648a76832f83c859d46bc06cb64a,7bc94a2da491829b777c49c4b5e480f2,9bde591ffaab8d54c457448e4dca6f53,16,0.1
tr0147,2019-11-27T14:01:08.983859+00:00,27,14,men,random,2,cef3390ed299c09874189c387777674a,03a5648a76832f83c859d46bc06cb64a,2723d2eb8bba04e0362098011fa3997b,9bde591ffaab8d54c457448e4dca6f53,19,0.1
tr0148,2019-11-27T14:30:24.768096+00:00,27,14,women,random,2,81ce123cbb5bd8ce818f60fb3586bba5,03a5648a76832f83c859d46bc06cb64a,c2e4f76cdbabecd33b8c762aeef386b3,c39b0c7dd5d4eb9a18e7db6ba2f258f8,14,0.1
tr0149,2019-11-27T14:32:54.758480+00:00,27,14,all,bts,1,81ce123cbb5bd8ce818f60fb3586bba5,03a5648a76832f83c859d46bc06cb64a,7bc94a2da491829b777c49c4b5e480f2,c39b0c7dd5d4eb9a18e7db6ba2f258f8,25,0.284631534354
tr0150,2019-11-27T14:52:35.271671+00:00,27,14,men,bts,3,cef3390ed299c09874189c387777674a,f1c2d6a32ec39249160cf784b63f4c6f,719dab53a7560218a9d1f96b25d6fa32,9bde591ffaab8d54c457448e4dca6f53,9,0.409918105722
tr0151,2019-11-27T15:00:15.431342+00:00,27,15,men,bts,3,cef3390ed299c09874189c387777674a,03a5648a76832f83c859d46bc06cb64a,719dab53a7560218a9d1f96b25d6fa32,f97571b9c14a786aab269f0b427d2a85,9,0.546696875125
tr0152,2019-11-27T15:03:30.887667+00:00,27,15,all,random,2,81ce123cbb5bd8ce818f60fb3586bba5,03a5648a76832f83c859d46bc06cb64a,c2e4f76cdbabecd33b8c762aeef386b3,9bde591ffaab8d54c457448e4dca6f53,45,0.1
tr0153,2019-11-27T15:08:33.146950+00:00,27,15,men,random,2,cef3390ed299c09874189c387777674a,03a5648a76832f83c859d46bc06cb64a,9b2d331c329ceb74d3dcfb48d8798c78,f97571b9c14a786aab269f0b427d2a85,17,0.1
tr0154,2019-11-27T15:47:29.759809+00:00,27,15,women,random,2,81ce123cbb5bd8ce818f60fb3586bba5,03a5648a76832f83c859d46bc06cb64a,c2e4f76cdbabecd33b8c762aeef386b3,c39b0c7dd5d4eb9a18e7db6ba2f258f8,14,0.1
tr0155,2019-11-27T15:49:25.519767+00:00,27,15,all,random,2,81ce123cbb5bd8ce818f60fb3586bba5,03a5648a76832f83c859d46bc06cb64a,2723d2eb8bba04e0362098011fa3997b,05b76f5e97e51128862059ac7df9e42a,45,0.1
tr0156,2019-11-27T17:03:57.105734+00:00,27,17,men,random,3,cef3390ed299c09874189c387777674a,03a5648a76832f83c859d46bc06cb64a,c2e4f76cdbabecd33b8c762aeef386b3,9bde591ffaab8d54c457448e4dca6f53,21,0.1
tr0157,2019-11-27T22:06:10.808488+00:00,27,22,all,random,2,81ce123cbb5bd8ce818f60fb3586bba5,03a5648a76832f83c859d46bc06cb64a,9b2d331c329ceb74d3dcfb48d8798c78,9bde591ffaab8d54c457448e4dca6f53,39,0.1
tr0158,2019-11-27T22:14:47.617479+00:00,27,22,all,bts,2,81ce123cbb5bd8ce818f60fb3586bba5,03a5648a76832f83c859d46bc06cb64a,2723d2eb8bba04e0362098011fa3997b,c39b0c7dd5d4eb9a18e7db6ba2f258f8,6,0.0174448905337
tr0159,2019-11-27T22:20:10.893697+00:00,27,22,women,random,3,81ce123cbb5bd8ce818f60fb3586bba5,2d03db5543b14483e52d761760686b64,7bc94a2da491829b777c49c4b5e480f2,9bde591ffaab8d54c457448e4dca6f53,14,0.1
tr0160,2019-11-27T23:16:03.428008+00:00,27,23,all,random,3,81ce123cbb5bd8ce818f60fb3586bba5,03a5648a76832f83c859d46bc06cb64a,2723d2eb8bba04e0362098011fa3997b,c39b0c7dd5d4eb9a18e7db6ba2f258f8,45,0.1
tr0161,2019-11-27T23:22:32.307182+00:00,27,23,all,bts,2,81ce123cbb5bd8ce818f60fb3586bba5,03a5648a76832f83c859d46bc06cb64a,c2e4f76cdbabecd33b8c762aeef386b3,05b76f5e97e51128862059ac7df9e42a,9,0.145539811742
tr0162,2019-11-27T23:36:17.319103+00:00,27,23,women,random,2,81ce123cbb5bd8ce818f60fb3586bba5,03a5648a76832f83c859d46bc06cb64a,2723d2eb8bba04e0362098011fa3997b,9bde591ffaab8d54c457448e4dca6f53,14,0.1
